certificate,claim_owner,blocking_object,status,minimal_next_action,terminal_condition
vp_alpha_dixmier_dependency_graph.py,(none - guard/aggregate cert),none,green-unregistered,keep as gate/guard cert (not a claim owner),remains a green regression guard
vp_alpha_dixmier_no_overclaim.py,(none - guard/aggregate cert),none,green-unregistered,keep as gate/guard cert (not a claim owner),remains a green regression guard
vp_alpha_residue_owner_split.py,(none - guard/aggregate cert),none,green-unregistered,keep as gate/guard cert (not a claim owner),remains a green regression guard
vp_archive_convex_order_domination.py,(none - guard/aggregate cert),none,green-unregistered,keep as gate/guard cert (not a claim owner),remains a green regression guard
vp_archive_phason_dark_matter.py,(none - guard/aggregate cert),none,green-unregistered,keep as gate/guard cert (not a claim owner),remains a green regression guard
vp_archive_phason_halo_passport.py,(none - guard/aggregate cert),none,green-unregistered,keep as gate/guard cert (not a claim owner),remains a green regression guard
vp_archive_subgaussian_hst_admissibility.py,(none - guard/aggregate cert),none,green-unregistered,keep as gate/guard cert (not a claim owner),remains a green regression guard
vp_bao_sde_phason_flip_passport.py,(none - guard/aggregate cert),none,green-unregistered,keep as gate/guard cert (not a claim owner),remains a green regression guard
vp_baryon_40_56_anonymous_poles.py,(none - guard/aggregate cert),none,green-unregistered,keep as gate/guard cert (not a claim owner),remains a green regression guard
vp_baryon_s3_symmetrizer.py,(none - guard/aggregate cert),none,green-unregistered,keep as gate/guard cert (not a claim owner),remains a green regression guard
vp_book00_synthesis_rewrite.py,(none - guard/aggregate cert),none,green-unregistered,keep as gate/guard cert (not a claim owner),remains a green regression guard
vp_book01_synthesis_rewrite.py,(none - guard/aggregate cert),none,green-unregistered,keep as gate/guard cert (not a claim owner),remains a green regression guard
vp_book02_synthesis_renumbering.py,(none - guard/aggregate cert),none,green-unregistered,keep as gate/guard cert (not a claim owner),remains a green regression guard
vp_book03_synthesis_rewrite.py,(none - guard/aggregate cert),none,green-unregistered,keep as gate/guard cert (not a claim owner),remains a green regression guard
vp_book04_spectrum_matter_rewrite.py,(none - guard/aggregate cert),none,green-unregistered,keep as gate/guard cert (not a claim owner),remains a green regression guard
vp_book05_verification_status_rewrite.py,(none - guard/aggregate cert),none,green-unregistered,keep as gate/guard cert (not a claim owner),remains a green regression guard
vp_book06_evolution_time_rewrite.py,(none - guard/aggregate cert),none,green-unregistered,keep as gate/guard cert (not a claim owner),remains a green regression guard
vp_book07_gravity_geometry_rewrite.py,(none - guard/aggregate cert),none,green-unregistered,keep as gate/guard cert (not a claim owner),remains a green regression guard
vp_book08_cosmology_sde_rewrite.py,(none - guard/aggregate cert),none,green-unregistered,keep as gate/guard cert (not a claim owner),remains a green regression guard
vp_ckm_holonomy_external_convention_passport.py,(none - guard/aggregate cert),none,green-unregistered,keep as gate/guard cert (not a claim owner),remains a green regression guard
vp_ckm_phason_holonomy.py,(none - guard/aggregate cert),none,green-unregistered,keep as gate/guard cert (not a claim owner),remains a green regression guard
vp_cmb_phason_flip_entropy_passport.py,(none - guard/aggregate cert),none,green-unregistered,keep as gate/guard cert (not a claim owner),remains a green regression guard
vp_condensed_operator_architecture_v1120.py,(none - guard/aggregate cert),none,green-unregistered,keep as gate/guard cert (not a claim owner),remains a green regression guard
vp_continuation_no_overclaim.py,(none - guard/aggregate cert),none,green-unregistered,keep as gate/guard cert (not a claim owner),remains a green regression guard
vp_cosmology_closure_dependency_graph.py,(none - guard/aggregate cert),none,green-unregistered,keep as gate/guard cert (not a claim owner),remains a green regression guard
vp_cosmology_entropy_flow_likelihood.py,(none - guard/aggregate cert),none,green-unregistered,keep as gate/guard cert (not a claim owner),remains a green regression guard
vp_cosmology_final_no_overclaim.py,(none - guard/aggregate cert),none,green-unregistered,keep as gate/guard cert (not a claim owner),remains a green regression guard
vp_cross_book_owner_consistency.py,(none - guard/aggregate cert),none,green-unregistered,keep as gate/guard cert (not a claim owner),remains a green regression guard
vp_cvft_baryon_40_56_decomposition.py,(none - guard/aggregate cert),none,green-unregistered,keep as gate/guard cert (not a claim owner),remains a green regression guard
vp_cvft_boundary_channel_rank.py,(none - guard/aggregate cert),none,green-unregistered,keep as gate/guard cert (not a claim owner),remains a green regression guard
vp_cvft_boundary_rank_bound.py,(none - guard/aggregate cert),none,green-unregistered,keep as gate/guard cert (not a claim owner),remains a green regression guard
vp_cvft_logdet_rank_bound.py,(none - guard/aggregate cert),none,green-unregistered,keep as gate/guard cert (not a claim owner),remains a green regression guard
vp_cvft_refined_bounds_audit.py,(none - guard/aggregate cert),none,green-unregistered,keep as gate/guard cert (not a claim owner),remains a green regression guard
vp_cvft_refined_bounds_minimal.py,(none - guard/aggregate cert),none,green-unregistered,keep as gate/guard cert (not a claim owner),remains a green regression guard
vp_cvft_refined_logdet_rank_bound.py,(none - guard/aggregate cert),none,green-unregistered,keep as gate/guard cert (not a claim owner),remains a green regression guard
vp_cvft_ueff_pole_discipline.py,(none - guard/aggregate cert),none,green-unregistered,keep as gate/guard cert (not a claim owner),remains a green regression guard
vp_cvft_uv_feedback_tail_bound.py,(none - guard/aggregate cert),none,green-unregistered,keep as gate/guard cert (not a claim owner),remains a green regression guard
vp_cvft_uv_feedback_tail_bound_refined.py,(none - guard/aggregate cert),none,green-unregistered,keep as gate/guard cert (not a claim owner),remains a green regression guard
vp_degree2_three_types.py,(none - guard/aggregate cert),none,green-unregistered,keep as gate/guard cert (not a claim owner),remains a green regression guard
vp_desi_bao_sde_real_data.py,(none - guard/aggregate cert),none,green-unregistered,keep as gate/guard cert (not a claim owner),remains a green regression guard
vp_dual_frontier_no_overclaim.py,(none - guard/aggregate cert),none,green-unregistered,keep as gate/guard cert (not a claim owner),remains a green regression guard
vp_e8_quasicrystal_slice.py,(none - guard/aggregate cert),none,green-unregistered,keep as gate/guard cert (not a claim owner),remains a green regression guard
vp_echo_cavity_regime.py,(none - guard/aggregate cert),none,green-unregistered,keep as gate/guard cert (not a claim owner),remains a green regression guard
vp_echo_dimensionless_scaling.py,(none - guard/aggregate cert),none,green-unregistered,keep as gate/guard cert (not a claim owner),remains a green regression guard
vp_edge_alpha_ramification_puiseux.py,(none - guard/aggregate cert),none,green-unregistered,keep as gate/guard cert (not a claim owner),remains a green regression guard
vp_edge_alpha_trace.py,(none - guard/aggregate cert),none,green-unregistered,keep as gate/guard cert (not a claim owner),remains a green regression guard
vp_edge_sector_alpha_trace_target.py,(none - guard/aggregate cert),none,green-unregistered,keep as gate/guard cert (not a claim owner),remains a green regression guard
vp_eight_front_final_closure_no_overclaim.py,(none - guard/aggregate cert),none,green-unregistered,keep as gate/guard cert (not a claim owner),remains a green regression guard
vp_feedback_partition_function.py,(none - guard/aggregate cert),none,green-unregistered,keep as gate/guard cert (not a claim owner),remains a green regression guard
vp_feshbach_schur_dynamics.py,(none - guard/aggregate cert),none,green-unregistered,keep as gate/guard cert (not a claim owner),remains a green regression guard
vp_final_eight_front_dependency_graph.py,(none - guard/aggregate cert),none,green-unregistered,keep as gate/guard cert (not a claim owner),remains a green regression guard
vp_final_no_anonymous_proof_targets.py,(none - guard/aggregate cert),none,green-unregistered,keep as gate/guard cert (not a claim owner),remains a green regression guard
vp_final_no_false_completion.py,(none - guard/aggregate cert),none,green-unregistered,keep as gate/guard cert (not a claim owner),remains a green regression guard
vp_finite_feedback_equation_of_state.py,(none - guard/aggregate cert),none,green-unregistered,keep as gate/guard cert (not a claim owner),remains a green regression guard
vp_finite_spin2_wave_operator.py,(none - guard/aggregate cert),none,green-unregistered,keep as gate/guard cert (not a claim owner),remains a green regression guard
vp_five_front_construction_no_overclaim.py,(none - guard/aggregate cert),none,green-unregistered,keep as gate/guard cert (not a claim owner),remains a green regression guard
vp_five_math_stitches_no_overclaim.py,(none - guard/aggregate cert),none,green-unregistered,keep as gate/guard cert (not a claim owner),remains a green regression guard
vp_four_physics_front_no_overclaim.py,(none - guard/aggregate cert),none,green-unregistered,keep as gate/guard cert (not a claim owner),remains a green regression guard
vp_fractal_continuum_predictions.py,(none - guard/aggregate cert),none,green-unregistered,keep as gate/guard cert (not a claim owner),remains a green regression guard
vp_gauge_matter_dependency_graph.py,(none - guard/aggregate cert),none,green-unregistered,keep as gate/guard cert (not a claim owner),remains a green regression guard
vp_gauge_matter_no_overclaim.py,(none - guard/aggregate cert),none,green-unregistered,keep as gate/guard cert (not a claim owner),remains a green regression guard
vp_gluing_anomaly_time.py,(none - guard/aggregate cert),none,green-unregistered,keep as gate/guard cert (not a claim owner),remains a green regression guard
vp_gw_book09_publication_guardrail.py,(none - guard/aggregate cert),none,green-unregistered,keep as gate/guard cert (not a claim owner),remains a green regression guard
vp_higgs_phason_orbit_dependency_graph.py,(none - guard/aggregate cert),none,green-unregistered,keep as gate/guard cert (not a claim owner),remains a green regression guard
vp_higgs_phason_orbit_no_overclaim.py,(none - guard/aggregate cert),none,green-unregistered,keep as gate/guard cert (not a claim owner),remains a green regression guard
vp_higgs_scalar_projector_positive.py,(none - guard/aggregate cert),none,green-unregistered,keep as gate/guard cert (not a claim owner),remains a green regression guard
vp_high_priority_board.py,(none - guard/aggregate cert),none,green-unregistered,keep as gate/guard cert (not a claim owner),remains a green regression guard
vp_high_priority_no_false_empirical_claim.py,(none - guard/aggregate cert),none,green-unregistered,keep as gate/guard cert (not a claim owner),remains a green regression guard
vp_high_priority_no_route_revival.py,(none - guard/aggregate cert),none,green-unregistered,keep as gate/guard cert (not a claim owner),remains a green regression guard
vp_high_priority_no_status_inflation.py,(none - guard/aggregate cert),none,green-unregistered,keep as gate/guard cert (not a claim owner),remains a green regression guard
vp_icosahedral_cutproject.py,(none - guard/aggregate cert),none,green-unregistered,keep as gate/guard cert (not a claim owner),remains a green regression guard
vp_internal_feedback_resolvent.py,(none - guard/aggregate cert),none,green-unregistered,keep as gate/guard cert (not a claim owner),remains a green regression guard
vp_lepton_decimal_status_guard.py,(none - guard/aggregate cert),none,green-unregistered,keep as gate/guard cert (not a claim owner),remains a green regression guard
vp_lepton_indirect_missing_artifacts.py,(none - guard/aggregate cert),none,green-unregistered,keep as gate/guard cert (not a claim owner),remains a green regression guard
vp_lepton_no_decimal_fit_guard.py,(none - guard/aggregate cert),none,green-unregistered,keep as gate/guard cert (not a claim owner),remains a green regression guard
vp_lepton_ramification_puiseux.py,(none - guard/aggregate cert),none,green-unregistered,keep as gate/guard cert (not a claim owner),remains a green regression guard
vp_loop_floor_epsilon.py,(none - guard/aggregate cert),none,green-unregistered,keep as gate/guard cert (not a claim owner),remains a green regression guard
vp_master_bootstrap_variation.py,(none - guard/aggregate cert),none,green-unregistered,keep as gate/guard cert (not a claim owner),remains a green regression guard
vp_member_zone_isomorphism.py,(none - guard/aggregate cert),none,green-unregistered,keep as gate/guard cert (not a claim owner),remains a green regression guard
vp_meson_domain_wall_pdg_passport.py,(none - guard/aggregate cert),none,green-unregistered,keep as gate/guard cert (not a claim owner),remains a green regression guard
vp_meson_phason_domain_walls.py,(none - guard/aggregate cert),none,green-unregistered,keep as gate/guard cert (not a claim owner),remains a green regression guard
vp_next_frontier_no_overclaim.py,(none - guard/aggregate cert),none,green-unregistered,keep as gate/guard cert (not a claim owner),remains a green regression guard
vp_no_cert_closed_with_open_core_dependency.py,(none - guard/aggregate cert),none,green-unregistered,keep as gate/guard cert (not a claim owner),remains a green regression guard
vp_no_false_grand_closure.py,(none - guard/aggregate cert),none,green-unregistered,keep as gate/guard cert (not a claim owner),remains a green regression guard
vp_no_no_go_route_revival.py,(none - guard/aggregate cert),none,green-unregistered,keep as gate/guard cert (not a claim owner),remains a green regression guard
vp_no_passport_promoted_to_core.py,(none - guard/aggregate cert),none,green-unregistered,keep as gate/guard cert (not a claim owner),remains a green regression guard
vp_no_scaffold_promoted_to_physical_claim.py,(none - guard/aggregate cert),none,green-unregistered,keep as gate/guard cert (not a claim owner),remains a green regression guard
vp_phason_energy_pressure_compatibility.py,(none - guard/aggregate cert),none,green-unregistered,keep as gate/guard cert (not a claim owner),remains a green regression guard
vp_phason_flip_inertia.py,(none - guard/aggregate cert),none,green-unregistered,keep as gate/guard cert (not a claim owner),remains a green regression guard
vp_phason_wz_no_survey_tuning.py,(none - guard/aggregate cert),none,green-unregistered,keep as gate/guard cert (not a claim owner),remains a green regression guard
vp_phason_wz_passport_boundary.py,(none - guard/aggregate cert),none,green-unregistered,keep as gate/guard cert (not a claim owner),remains a green regression guard
vp_phi_abcd_operator_cycle_v1119.py,(none - guard/aggregate cert),none,green-unregistered,keep as gate/guard cert (not a claim owner),remains a green regression guard
vp_pmns_baseline_correction.py,(none - guard/aggregate cert),none,green-unregistered,keep as gate/guard cert (not a claim owner),remains a green regression guard
vp_pmns_delta0_nufit.py,(none - guard/aggregate cert),none,green-unregistered,keep as gate/guard cert (not a claim owner),remains a green regression guard
vp_postcore_no_branch_swap_overreach.py,(none - guard/aggregate cert),none,green-unregistered,keep as gate/guard cert (not a claim owner),remains a green regression guard
vp_postcore_no_bridge_assumption_as_core.py,(none - guard/aggregate cert),none,green-unregistered,keep as gate/guard cert (not a claim owner),remains a green regression guard
vp_postcore_no_false_physical_promotion.py,(none - guard/aggregate cert),none,green-unregistered,keep as gate/guard cert (not a claim owner),remains a green regression guard
vp_postcore_no_laplacian_as_quq.py,(none - guard/aggregate cert),none,green-unregistered,keep as gate/guard cert (not a claim owner),remains a green regression guard
vp_postcore_no_proxy_operator_substitution.py,(none - guard/aggregate cert),none,green-unregistered,keep as gate/guard cert (not a claim owner),remains a green regression guard
vp_postcore_no_rayleigh_overreach.py,(none - guard/aggregate cert),none,green-unregistered,keep as gate/guard cert (not a claim owner),remains a green regression guard
vp_pressure_capacity_balance.py,(none - guard/aggregate cert),none,green-unregistered,keep as gate/guard cert (not a claim owner),remains a green regression guard
vp_primitive_equation_minimal_response_v1121.py,(none - guard/aggregate cert),none,green-unregistered,keep as gate/guard cert (not a claim owner),remains a green regression guard
vp_publication_claim_register_guardrail.py,(none - guard/aggregate cert),none,green-unregistered,keep as gate/guard cert (not a claim owner),remains a green regression guard
vp_quasi_generation_inflation.py,(none - guard/aggregate cert),none,green-unregistered,keep as gate/guard cert (not a claim owner),remains a green regression guard
vp_raw_archive_operator_type_firewall.py,(none - guard/aggregate cert),none,green-unregistered,keep as gate/guard cert (not a claim owner),remains a green regression guard
vp_raw_cmb_no_fitted_window.py,(none - guard/aggregate cert),none,green-unregistered,keep as gate/guard cert (not a claim owner),remains a green regression guard
vp_raw_lepton_no_posthoc_group_narrowing.py,(none - guard/aggregate cert),none,green-unregistered,keep as gate/guard cert (not a claim owner),remains a green regression guard
vp_raw_neutral_current_no_rank_shortcut.py,(none - guard/aggregate cert),none,green-unregistered,keep as gate/guard cert (not a claim owner),remains a green regression guard
vp_raw_nogo_strength_audit.py,(none - guard/aggregate cert),none,green-unregistered,keep as gate/guard cert (not a claim owner),remains a green regression guard
vp_raw_phason_no_manual_redshift.py,(none - guard/aggregate cert),none,green-unregistered,keep as gate/guard cert (not a claim owner),remains a green regression guard
vp_raw_publication_firewall.py,(none - guard/aggregate cert),none,green-unregistered,keep as gate/guard cert (not a claim owner),remains a green regression guard
vp_raw_refinement_no_scene_copy_operator.py,(none - guard/aggregate cert),none,green-unregistered,keep as gate/guard cert (not a claim owner),remains a green regression guard
vp_readout306_proof_cell_v1113.py,(none - guard/aggregate cert),none,green-unregistered,keep as gate/guard cert (not a claim owner),remains a green regression guard
vp_research_closure_source_ledger.py,(none - guard/aggregate cert),none,green-unregistered,keep as gate/guard cert (not a claim owner),remains a green regression guard
vp_rg_forgetting.py,(none - guard/aggregate cert),none,green-unregistered,keep as gate/guard cert (not a claim owner),remains a green regression guard
vp_role_to_operator_dependency_graph.py,(none - guard/aggregate cert),none,green-unregistered,keep as gate/guard cert (not a claim owner),remains a green regression guard
vp_role_to_operator_no_overclaim.py,(none - guard/aggregate cert),none,green-unregistered,keep as gate/guard cert (not a claim owner),remains a green regression guard
vp_root_operator_book_sync.py,(none - guard/aggregate cert),none,green-unregistered,keep as gate/guard cert (not a claim owner),remains a green regression guard
vp_root_operator_no_external_observable_input.py,(none - guard/aggregate cert),none,green-unregistered,keep as gate/guard cert (not a claim owner),remains a green regression guard
vp_root_operator_no_fit_before_operator.py,(none - guard/aggregate cert),none,green-unregistered,keep as gate/guard cert (not a claim owner),remains a green regression guard
vp_root_operator_no_manual_basis.py,(none - guard/aggregate cert),none,green-unregistered,keep as gate/guard cert (not a claim owner),remains a green regression guard
vp_root_operator_no_revival_of_closed_nogos.py,(none - guard/aggregate cert),none,green-unregistered,keep as gate/guard cert (not a claim owner),remains a green regression guard
vp_root_operator_publication_firewall.py,(none - guard/aggregate cert),none,green-unregistered,keep as gate/guard cert (not a claim owner),remains a green regression guard
vp_rosetta_standard_language_guard.py,(none - guard/aggregate cert),none,green-unregistered,keep as gate/guard cert (not a claim owner),remains a green regression guard
vp_sde_exceptional_point_algebra.py,(none - guard/aggregate cert),none,green-unregistered,keep as gate/guard cert (not a claim owner),remains a green regression guard
vp_sde_feedback_pressure_reinterpretation.py,(none - guard/aggregate cert),none,green-unregistered,keep as gate/guard cert (not a claim owner),remains a green regression guard
vp_sde_feedback_reduction.py,(none - guard/aggregate cert),none,green-unregistered,keep as gate/guard cert (not a claim owner),remains a green regression guard
vp_self_reading_archive_operator_typing.py,(none - guard/aggregate cert),none,green-unregistered,keep as gate/guard cert (not a claim owner),remains a green regression guard
vp_self_reading_branch_swap_control.py,(none - guard/aggregate cert),none,green-unregistered,keep as gate/guard cert (not a claim owner),remains a green regression guard
vp_self_reading_cmb_no_fitted_window.py,(none - guard/aggregate cert),none,green-unregistered,keep as gate/guard cert (not a claim owner),remains a green regression guard
vp_self_reading_no_false_neutral_count.py,(none - guard/aggregate cert),none,green-unregistered,keep as gate/guard cert (not a claim owner),remains a green regression guard
vp_self_reading_no_manual_data.py,(none - guard/aggregate cert),none,green-unregistered,keep as gate/guard cert (not a claim owner),remains a green regression guard
vp_self_reading_refinement_naturality.py,(none - guard/aggregate cert),none,green-unregistered,keep as gate/guard cert (not a claim owner),remains a green regression guard
vp_self_reading_role_equivariance.py,(none - guard/aggregate cert),none,green-unregistered,keep as gate/guard cert (not a claim owner),remains a green regression guard
vp_sparc_phason_halo_failure_diagnostics.py,(none - guard/aggregate cert),none,green-unregistered,keep as gate/guard cert (not a claim owner),remains a green regression guard
vp_spectral_action_expansion_stability.py,(none - guard/aggregate cert),none,green-unregistered,keep as gate/guard cert (not a claim owner),remains a green regression guard
vp_spin2_dof_arithmetic.py,(none - guard/aggregate cert),none,green-unregistered,keep as gate/guard cert (not a claim owner),remains a green regression guard
vp_standard_language_rewrite_integrity.py,(none - guard/aggregate cert),none,green-unregistered,keep as gate/guard cert (not a claim owner),remains a green regression guard
vp_status_inflation_audit.py,(none - guard/aggregate cert),none,green-unregistered,keep as gate/guard cert (not a claim owner),remains a green regression guard
vp_terminal_feedback_modes.py,(none - guard/aggregate cert),none,green-unregistered,keep as gate/guard cert (not a claim owner),remains a green regression guard
vp_tick_s3_baryon_asymmetry_scaffold.py,(none - guard/aggregate cert),none,green-unregistered,keep as gate/guard cert (not a claim owner),remains a green regression guard
vp_toral_markov_dependency_graph.py,(none - guard/aggregate cert),none,green-unregistered,keep as gate/guard cert (not a claim owner),remains a green regression guard
vp_toral_markov_no_overclaim.py,(none - guard/aggregate cert),none,green-unregistered,keep as gate/guard cert (not a claim owner),remains a green regression guard
vp_torus_ramification_indices.py,(none - guard/aggregate cert),none,green-unregistered,keep as gate/guard cert (not a claim owner),remains a green regression guard
vp_torus_ramification_indices_target.py,(none - guard/aggregate cert),none,green-unregistered,keep as gate/guard cert (not a claim owner),remains a green regression guard
vp_total_no_anonymous_open_targets.py,(none - guard/aggregate cert),none,green-unregistered,keep as gate/guard cert (not a claim owner),remains a green regression guard
vp_total_no_false_physical_promotion.py,(none - guard/aggregate cert),none,green-unregistered,keep as gate/guard cert (not a claim owner),remains a green regression guard
vp_total_no_route_revival.py,(none - guard/aggregate cert),none,green-unregistered,keep as gate/guard cert (not a claim owner),remains a green regression guard
vp_total_no_status_inflation.py,(none - guard/aggregate cert),none,green-unregistered,keep as gate/guard cert (not a claim owner),remains a green regression guard
vp_total_open_certificate_board.py,(none - guard/aggregate cert),none,green-unregistered,keep as gate/guard cert (not a claim owner),remains a green regression guard
vp_total_passport_discipline.py,(none - guard/aggregate cert),none,green-unregistered,keep as gate/guard cert (not a claim owner),remains a green regression guard
vp_v1116_qft_eft_constructive_bridge.py,(none - guard/aggregate cert),none,green-unregistered,keep as gate/guard cert (not a claim owner),remains a green regression guard
vp_v1122_critic_closure_arithmetic.py,(none - guard/aggregate cert),none,green-unregistered,keep as gate/guard cert (not a claim owner),remains a green regression guard
vp_v1123_closure_execution.py,(none - guard/aggregate cert),none,green-unregistered,keep as gate/guard cert (not a claim owner),remains a green regression guard
vp_v1124_open_sector_closure.py,(none - guard/aggregate cert),none,green-unregistered,keep as gate/guard cert (not a claim owner),remains a green regression guard
vp_v1125_hadron_meson_transfer.py,(none - guard/aggregate cert),none,green-unregistered,keep as gate/guard cert (not a claim owner),remains a green regression guard
vp_v1126_convex_response_bridge.py,(none - guard/aggregate cert),none,green-unregistered,keep as gate/guard cert (not a claim owner),remains a green regression guard
vp_v1127_executed_entropy_bridge.py,(none - guard/aggregate cert),none,green-unregistered,keep as gate/guard cert (not a claim owner),remains a green regression guard
vp_v1128_executed_core_bridges.py,(none - guard/aggregate cert),none,green-unregistered,keep as gate/guard cert (not a claim owner),remains a green regression guard
vp_v1129_gauge_isolation.py,(none - guard/aggregate cert),none,green-unregistered,keep as gate/guard cert (not a claim owner),remains a green regression guard
vp_v1130_high_gain_uniqueness_atlas.py,(none - guard/aggregate cert),none,green-unregistered,keep as gate/guard cert (not a claim owner),remains a green regression guard
vp_v1131_standard_language_normalization.py,(none - guard/aggregate cert),none,green-unregistered,keep as gate/guard cert (not a claim owner),remains a green regression guard
vp_v1133_bao_sde_reproducible_passport.py,(none - guard/aggregate cert),none,green-unregistered,keep as gate/guard cert (not a claim owner),remains a green regression guard
vp_v1133_high_gain_full_atlas.py,(none - guard/aggregate cert),none,green-unregistered,keep as gate/guard cert (not a claim owner),remains a green regression guard
vp_v1133_qft_rg_scheme_passports.py,(none - guard/aggregate cert),none,green-unregistered,keep as gate/guard cert (not a claim owner),remains a green regression guard
vp_v1134_alpha_scheme_passport.py,(none - guard/aggregate cert),none,green-unregistered,keep as gate/guard cert (not a claim owner),remains a green regression guard
vp_v1134_lattice_ward_anomaly_hardening.py,(none - guard/aggregate cert),none,green-unregistered,keep as gate/guard cert (not a claim owner),remains a green regression guard
vp_v1135_lepton_gm2_scheme_bridge.py,(none - guard/aggregate cert),none,green-unregistered,keep as gate/guard cert (not a claim owner),remains a green regression guard
vp_v1139_phase_unfolding_theorem.py,(none - guard/aggregate cert),none,green-unregistered,keep as gate/guard cert (not a claim owner),remains a green regression guard
vp_v1140_phase_unfolding_master_chain.py,(none - guard/aggregate cert),none,green-unregistered,keep as gate/guard cert (not a claim owner),remains a green regression guard
vp_v1141_abcd_omega8_v9_phi_capacity.py,(none - guard/aggregate cert),none,green-unregistered,keep as gate/guard cert (not a claim owner),remains a green regression guard
vp_v11_global_migration_synthesis.py,(none - guard/aggregate cert),none,green-unregistered,keep as gate/guard cert (not a claim owner),remains a green regression guard
vp_vacuum_feedback_equation_of_state.py,(none - guard/aggregate cert),none,green-unregistered,keep as gate/guard cert (not a claim owner),remains a green regression guard
vp_vnext2_dependency_graph.py,(none - guard/aggregate cert),none,green-unregistered,keep as gate/guard cert (not a claim owner),remains a green regression guard
vp_vnext2_endpoint_measure_classification.py,(none - guard/aggregate cert),none,green-unregistered,keep as gate/guard cert (not a claim owner),remains a green regression guard
vp_vnext2_no_af_route_revival.py,(none - guard/aggregate cert),none,green-unregistered,keep as gate/guard cert (not a claim owner),remains a green regression guard
vp_vnext2_no_anonymous_extension.py,(none - guard/aggregate cert),none,green-unregistered,keep as gate/guard cert (not a claim owner),remains a green regression guard
vp_vnext2_no_compressed_operator_by_definition.py,(none - guard/aggregate cert),none,green-unregistered,keep as gate/guard cert (not a claim owner),remains a green regression guard
vp_vnext2_no_manual_endpoint_measure.py,(none - guard/aggregate cert),none,green-unregistered,keep as gate/guard cert (not a claim owner),remains a green regression guard
vp_vnext2_no_manual_history_tick.py,(none - guard/aggregate cert),none,green-unregistered,keep as gate/guard cert (not a claim owner),remains a green regression guard
vp_vnext2_no_manual_refinement.py,(none - guard/aggregate cert),none,green-unregistered,keep as gate/guard cert (not a claim owner),remains a green regression guard
vp_vnext2_no_manual_scale.py,(none - guard/aggregate cert),none,green-unregistered,keep as gate/guard cert (not a claim owner),remains a green regression guard
vp_vnext2_no_manual_xi.py,(none - guard/aggregate cert),none,green-unregistered,keep as gate/guard cert (not a claim owner),remains a green regression guard
vp_vnext2_scene_native_history_operators.py,(none - guard/aggregate cert),none,green-unregistered,keep as gate/guard cert (not a claim owner),remains a green regression guard
vp_vnext2_scene_native_history_tick.py,(none - guard/aggregate cert),none,green-unregistered,keep as gate/guard cert (not a claim owner),remains a green regression guard
vp_vnext2_scene_native_retained_archive_lift.py,(none - guard/aggregate cert),none,green-unregistered,keep as gate/guard cert (not a claim owner),remains a green regression guard
vp_vnext2_scene_spectral_fingerprint_lift.py,(none - guard/aggregate cert),none,green-unregistered,keep as gate/guard cert (not a claim owner),remains a green regression guard
vp_vnext33_dependency_graph.py,(none - guard/aggregate cert),none,green-unregistered,keep as gate/guard cert (not a claim owner),remains a green regression guard
vp_vnext33_no_dimension_numerology.py,(none - guard/aggregate cert),none,green-unregistered,keep as gate/guard cert (not a claim owner),remains a green regression guard
vp_vnext33_no_manual_scale.py,(none - guard/aggregate cert),none,green-unregistered,keep as gate/guard cert (not a claim owner),remains a green regression guard
vp_vnext33_no_manual_xi.py,(none - guard/aggregate cert),none,green-unregistered,keep as gate/guard cert (not a claim owner),remains a green regression guard
vp_vnext_af_d0_laplacian_comparison.py,(none - guard/aggregate cert),none,green-unregistered,keep as gate/guard cert (not a claim owner),remains a green regression guard
vp_vnext_af_martingale_dirac.py,(none - guard/aggregate cert),none,green-unregistered,keep as gate/guard cert (not a claim owner),remains a green regression guard
vp_vnext_anchored_dirac_scale_family.py,(none - guard/aggregate cert),none,green-unregistered,keep as gate/guard cert (not a claim owner),remains a green regression guard
vp_vnext_canonical_scene_encoding.py,(none - guard/aggregate cert),none,green-unregistered,keep as gate/guard cert (not a claim owner),remains a green regression guard
vp_vnext_canonical_thirty_three_scene_quotient.py,(none - guard/aggregate cert),none,green-unregistered,keep as gate/guard cert (not a claim owner),remains a green regression guard
vp_vnext_dirac_tower_dependency_graph.py,(none - guard/aggregate cert),none,green-unregistered,keep as gate/guard cert (not a claim owner),remains a green regression guard
vp_vnext_dirac_tower_no_overclaim.py,(none - guard/aggregate cert),none,green-unregistered,keep as gate/guard cert (not a claim owner),remains a green regression guard
vp_vnext_dirac_tower_no_synthetic_embedding.py,(none - guard/aggregate cert),none,green-unregistered,keep as gate/guard cert (not a claim owner),remains a green regression guard
vp_vnext_fibonacci_af_algebra.py,(none - guard/aggregate cert),none,green-unregistered,keep as gate/guard cert (not a claim owner),remains a green regression guard
vp_vnext_quantum_metric_no_overclaim.py,(none - guard/aggregate cert),none,green-unregistered,keep as gate/guard cert (not a claim owner),remains a green regression guard
vp_vnext_refined_xi_tower_compatibility.py,(none - guard/aggregate cert),none,green-unregistered,keep as gate/guard cert (not a claim owner),remains a green regression guard
vp_window_fractional_charge.py,(none - guard/aggregate cert),none,green-unregistered,keep as gate/guard cert (not a claim owner),remains a green regression guard
vp_window_offset_chirality.py,(none - guard/aggregate cert),none,green-unregistered,keep as gate/guard cert (not a claim owner),remains a green regression guard
vp_zone_repeat_catalog.py,(none - guard/aggregate cert),none,green-unregistered,keep as gate/guard cert (not a claim owner),remains a green regression guard
