category,path,bytes,sha256
agent_config,.agents/skills/graphify/.graphify_version,6,e1a419e2fd8d30c148afca17c55d4208d700b5d6ac876c73d654a57c053a81c6
agent_config,.agents/skills/graphify/SKILL.md,57714,5ca78d5165f677984a65c55edc9566f18c3cc5a266d85220d63d26597e48e355
agent_config,.gitignore,1264,200940c93e7174ea04e83c6164d6cbe55e08b7598d88cbde5e72230ef6974b07
agent_config,.graphifyignore,1067,185c4f2f13279d9cc1b61d12f02a04dd75685c48935915cf739988d0cbf377e7
language_normalization,00_LANGUAGE_NORMALIZATION/D0_STANDARD_LANGUAGE_ROSETTA.csv,3274,4ea6707785bb93ecd6c0a192c045da0043f82eddadf9dc3139b2cdeaadbb170f
language_normalization,00_LANGUAGE_NORMALIZATION/D0_STANDARD_LANGUAGE_ROSETTA.md,4725,52cdf2e853d3a3049585529b3381186377f1904094be1ac32b9b60dd2c9574c4
project_root,00_ROADMAP/D0_LEAN_CONDENSED_KTHEORY_FORMALIZATION_AUDIT.md,2972,521ce0c144aba50c9d017d965b28f22533dbe6be48a18487a42af6a7a4b1c58a
project_root,00_ROADMAP/D0_v14_OPERATOR_GEOMETRY_DEPENDENCY_GRAPH.md,1173,446fe146da1ec95303cab732ea7d7a4423daa5c8907ae2ff0afada73367941c4
project_root,00_ROADMAP/D0_v14_PDG_GOLDEN_PASS30_INTEGRATION_AUDIT.md,1236,06bef1189ba45758cd7dca087d50cb5f754f8cc46e73db9880350ed4321d28d3
book,01_BOOKS/BOOK_00_ENTRY_CONTRACT_AND_ADMISSIBILITY.md,20673,1f94d84a14bb901550bd70a4a42cec5f26ac115badfcc1beeb978fd311502974
book,01_BOOKS/BOOK_01_CONDENSED_FOUNDATIONS_AND_GRAPH_BIRTH.md,46112,d97a2f244665aab8d2c617928e9b8bdc1c7ddab75c82151bc0fce0350102fa44
book,01_BOOKS/BOOK_02_MATHEMATICAL_PROOF_SPINE_AND_INVARIANT_CALCULUS.md,64464,ff9dd288bd9bbe3c7263209bc13743d09631ea32eed0bd1757cfa316447b09ce
book,01_BOOKS/BOOK_03_FINITE_ACTION_OPERATORS_AND_SCENE_DYNAMICS.md,23939,87e1ff09e318a10a287fe5c8115785fee3509b23ab6049d054adc2b2368ccd5c
book,01_BOOKS/BOOK_04_SPECTRUM_MATTER_AND_FINITE_SELECTOR_THEORY.md,43845,4f273c15ee2f82e03fef3813b4354ba195f5c1a878d71e1540d66d74c57d413d
book,01_BOOKS/BOOK_05_VERIFICATION_STATUS_AND_CERTIFICATE_DISCIPLINE.md,31138,5c833ab71359ba4a472f522e314114d3983f7d92986133875575dc46547104eb
book,01_BOOKS/BOOK_06_EVOLUTION_FORGETTING_AND_TIME.md,38197,38f64cd50217fff074776dc40e7069f54516332bc264d0d08eaa9b816bc5b005
book,01_BOOKS/BOOK_07_GRAVITY_LIMIT_AND_FINITE_GEOMETRY.md,50290,836bc647a63c643ab85ff89eb51abc808afc9288cd3da6a2fa92f0d2e0eaa0f8
book,01_BOOKS/BOOK_08_COSMOLOGY_ARCHIVE_AND_SDE_TRANSFER.md,35154,6758d34be807adfc305e18da669e78cd085236f70d53632442251f0c854fc833
theory_map,03_THEORY_MAP/BOOK_00_PROCESS_APPENDIX.md,4490,6f40adf741776c398b6dff83f59f2ad648f5b7c882af8175e4556c050feea41a
theory_map,03_THEORY_MAP/BOOK_REFACTOR_AUDIT.md,18791,e81e84b905c2698b13b127c7aa7442fab7e13cd6e5740dafd1f6eb0854e759c3
theory_map,03_THEORY_MAP/BOOK_SECTION_MAP.md,36203,d46466390366e0a18bda9bc8bedb2e87e7f73dfdaab77c7f195b12677a99f50c
theory_map,03_THEORY_MAP/BOOK_SECTION_MAP_RAW.txt,24561,4cea3198add863d0613b081b27bc99863812c7733d0edfbf0a8f4ef3c2ce9c26
theory_map,03_THEORY_MAP/D0_INTERPRETATION_SPINE.md,4410,6a1123d3b0233150186260a413baa2a975eb580fe0484eba7ca3f8c2b503d0e2
theory_map,03_THEORY_MAP/PDG_PASSPORT_HISTORY_APPENDIX.md,1234,22cd8a3e019cb65175b790ded8379ec18cd8b973375464f244fe2b9b144da615
theory_map,03_THEORY_MAP/theory_graph.dot,90049,6d20fd307a75ef741daddec87a0e281a28fde5cd2ab7ade0c0c67337731d8876
theory_map,03_THEORY_MAP/theory_graph.html,69625,9fc36b15c54094de36d2bdee9ac013b60706af4b99c80d746bc607e4452219bd
theory_map,03_THEORY_MAP/theory_graph.json,227994,8837ab3be6ae10b7b67d071dc2d5475fddcc9888f406ed59697b990bd3bdb5ed
theory_map,03_THEORY_MAP/theory_semantic_index.md,72110,b01907ae2fc258d0be65bd7dcaa5317e05025c663d69a7cf89100c4dcab2f54b
theory_map,03_THEORY_MAP/theory_status_map.csv,60692,fd2a63311d60fa22925b5f4b2935a328a9f21a0d6a9f763a6a888490b3bfa682
cert_data,05_CERTS/book04_centered_full_support_selectors.csv,273,e7e5c674be5644cc17dfeda45cfd662ecd4cd7a735bdcc1e1836b56cc8a1b66f
cert_data,05_CERTS/book04_centered_full_support_selectors.json,887,ff14582dbe9f09e4e36d2284ee01a2fb2fb0be0c0be0d4164fff45dd1343ef39
cert_data,05_CERTS/bridge_params_schema.json,1027,9ebf55430a2374f40fbf520effc1ca258c5f556c8db60c650df082724fd44f62
cert_data,05_CERTS/bridge_schema.json,1131,02577202dc6ef76ab82311bdf0fb8a625e21c79ffd3afa1a0a68c5700aa5499e
cert_data,05_CERTS/D0_SDE_Core_Shape.csv,138,f275273c07c2a0d4eab584a0ab317ee803c956d58359ce8e7a8c6f8dadee914b
cert_script,05_CERTS/DATA_RUNNERS/download_external_passport_data.py,18047,aa5f45e2f2b7c67f3bc5cff8b8c39202ae50ab8ec1fa3e505d094d7fc864ba0e
cert_script,05_CERTS/DATA_RUNNERS/run_external_passports.py,8882,652d4a237ffb334706823fbefa0d5a29808dd2aaf799b599982a83b21ae5a4db
cert_data,05_CERTS/heat_trace_a0.csv,68,0643bc50cfc4f23171a6398bf96fdbf5afcb6d3a605cd8c6f91342696e4578ca
cert_data,05_CERTS/heat_trace_a2_proxy.csv,166,1e0e8ee35422e28c09ee3bd84ba30c233c4bce4faa3930ae8af580742d9c99bd
cert_data,05_CERTS/higher_curvature_bound_report.json,482,0ec038c017b42f055351e9dffdb00e6b8a9c37ed4f34fc84df605e0a4fa70b67
cert_data,05_CERTS/locked_core_params.json,1138,a020c8dc1d1d6c304c971afeff40d3982e9d73e64cabcbf23b29c5f41b491d7c
cert_data,05_CERTS/NO_GO_PI0_BRANCH_DEFECT_GENERATION.md,1739,1bda721bbf46dcd226fa9b66626db52719f2c58723654bdeb4bc09dda4239fe4
cert_data,05_CERTS/NO_GO_QNM_DELTA0_OVERTONE_LADDER.md,271,8e2d0d91aadfdd0739b8e1452cbf672ce193fc2fdfe2ea4c35f22260ab951a12
cert_data,05_CERTS/outputs/icecube_phason_decoherence_curve.csv,1571,b0aaf007d5d0f68ef28809b5b0a1de50adf216cbb3f1b8535c6706314bcefe28
cert_data,05_CERTS/outputs/icecube_phason_decoherence_summary.json,402,50d8463fabb3367e98db95537d63c4657db631d965c3d2337677b83a75883240
ported_legacy_cert,05_CERTS/ported_legacy_primary/D0-BOUND-001/vp_action_gauge_and_boundary_curvature_closure.py,7884,eb53ecccd445f4e5a8e31832f742efd1ea51169e6f8a47c2aa9028dc356c15b4
ported_legacy_cert,05_CERTS/ported_legacy_primary/D0-BOUND-001/vp_derivation_boundary_curvature_stationarity.py,3479,3c07f3ac03336fa13f66e12e9e941abc4873df52ec778fb52b27e39407f087cd
ported_legacy_cert,05_CERTS/ported_legacy_primary/D0-CKM-002/vp_ckm_label_permutation_bridge.py,2621,6e0d53596fa6b25e15f110f2520603ed7ef63342cd2559e5d79094ca6df2db9a
ported_legacy_cert,05_CERTS/ported_legacy_primary/D0-CKM-002/vp_ckm_quadratic_readout.py,2715,13ab84d7f52b4900ca3304ee5737020f9103d2e9906e745e2167e989308c5380
ported_legacy_cert,05_CERTS/ported_legacy_primary/D0-CKM-002/vp_final_ckm_mass_basis.py,862,ec2b073aba675aaa267276b2473e7697375d9a70a403acba6df57aac3ac853ab
ported_legacy_cert,05_CERTS/ported_legacy_primary/D0-COSMO-002/vp_final_survey_likelihood_and_baryon_form_factor_closure_20260522.py,1180,7e4723541586477feb5e35a61871908200d4533ebe7238f0fb2a24a72bf1922a
ported_legacy_cert,05_CERTS/ported_legacy_primary/D0-COSMO-002/vp_radiative_survey_baryon_passports_20260522.py,794,bf5e76b4fb1e01e0c93d24ead2daef525c2c3e60b6f58cacdcba340404515cdb
ported_legacy_cert,05_CERTS/ported_legacy_primary/D0-COSMO-003/vp_book06_volume_preservation_and_dark_closure.py,1816,1caa32ac80627c0cf375c5915b2103c87952ddbb0d563a41d46a9c981650a4af
ported_legacy_cert,05_CERTS/ported_legacy_primary/D0-COSMO-003/vp_boundary_dark_survey_driver_kernel.py,3314,6913289a506c2d7298a4da35b5c34572b224069ca5511d9176a841734e55c259
ported_legacy_cert,05_CERTS/ported_legacy_primary/D0-COSMO-004/run_cosmological_full_likelihood.py,130,d257a755647f8ad04b68294bed9786b59acc5d3dd70c93ba3912f809bfb8c27b
ported_legacy_cert,05_CERTS/ported_legacy_primary/D0-COSMO-004/vp_cosmological_full_likelihood.py,23104,19014a48e205cc3b04d231c8434c64795aa7d65d6390d65e33a98e85676edf7a
ported_legacy_cert,05_CERTS/ported_legacy_primary/D0-COSMO-005/run_bao_dynamic_archive_pressure.py,130,e8ec5615b1dc3a0e2c9bef2925f7bedd6fafe85a4b6b3c9267551753c0970361
ported_legacy_cert,05_CERTS/ported_legacy_primary/D0-COSMO-005/run_bao_sde_kernel_archive_transfer.py,199,1e3ad4ad1880bbf45ec426578b891c84c90d36604062b505602aaedb8e0fddbe
ported_legacy_cert,05_CERTS/ported_legacy_primary/D0-COSMO-005/run_bao_sde_shape_parameter_derivation.py,199,0f06026a4e3528553dec71a3135dd37f302d860bd37abef64bb65a6f89eb3cb2
ported_legacy_cert,05_CERTS/ported_legacy_primary/D0-EW-002/vp_higgs_anchor_projector.py,800,0fc009f1e65b639de31fd6a250a921d20d4df3fece43930c69e08715eda614a9
ported_legacy_cert,05_CERTS/ported_legacy_primary/D0-EW-002/vp_micro2_ew_radial_scale_no_go.py,1349,6696beb186f77111b666db2c54562eda109e1cd30ecfbcbb4e0d42f2ba364249
ported_legacy_cert,05_CERTS/ported_legacy_primary/D0-EW-002/vp_micro_ew_radial_hessian.py,2646,7bcc7cd318382cc1ae9f047b536f8fc1e11696273f1de7fc051e28eb4fb36872
ported_legacy_cert,05_CERTS/ported_legacy_primary/D0-FTHEORY-001/vp_ftheory_lw2016_chiral_recombination_layer.py,8637,67391fd4ae94408ec47466dfc5f8c6e584e1cc27b5bc7de6854e99987e878d71
ported_legacy_cert,05_CERTS/ported_legacy_primary/D0-FTHEORY-001/vp_ftheory_lw2016_condensed_scale_rigidity.py,14041,dfc303516b0d3db9fcbaa20079612566439685163f482e37b6cd8d091a4d6e70
ported_legacy_cert,05_CERTS/ported_legacy_primary/D0-FTHEORY-001/vp_ftheory_lw2016_d0_filter.py,10630,12f1e16faf22d78019d18a094a3998d70d45d4a28810c55b95e061ee4961b4b7
ported_legacy_cert,05_CERTS/ported_legacy_primary/D0-FTHEORY-001/vp_ftheory_lw2016_orientation_terminal_passport.py,10975,78a3a32a63e8d158f268bf36222b3259e8949b82a79146438be1188360d49434
ported_legacy_cert,05_CERTS/ported_legacy_primary/D0-GRAV-001/vp_final_terminal_scale_depth_theorem.py,3154,ce89f43d3730396c76d836ec40f15777900b8a3190874734507d8600fbe1afef
ported_legacy_cert,05_CERTS/ported_legacy_primary/D0-GRAV-001/vp_gravity_metric_heat_kernel_two_part.py,5343,2ec9ab5f0c46cf1b2033e95445712eb5d5d835a0a1d76fe7a5158330cbef7499
ported_legacy_cert,05_CERTS/ported_legacy_primary/D0-GRAV-002/vp_gravity_gn_bridge_demo.py,5378,3c9e679509d2f67a3b605624a3d148724ced06f36a8749235287e6f1967491c7
ported_legacy_cert,05_CERTS/ported_legacy_primary/D0-GRAV-002/vp_single_section_gravity_completion.py,817,6e2acfb3def107412d57c4ba345696312ef5b4bcaba5225ba3f9ee31337b7c4f
ported_legacy_cert,05_CERTS/ported_legacy_primary/D0-GRAV-003/vp_residual_targets_qg_cut_closure.py,2636,a9389a58283f8d819c3530fbb9efdb2e2714292849b21dd8b795a76df389168f
ported_legacy_cert,05_CERTS/ported_legacy_primary/D0-LEPTON-002/vp_charged_lepton_generation_action_closure_20260522.py,2100,682e35b6a370a2e408c593d0ace5f81338c6f61ce7eab6ac3714bacb01443c96
ported_legacy_cert,05_CERTS/ported_legacy_primary/D0-LEPTON-002/vp_lepton_gate_mass_operator.py,2219,973d96642c87ffc79658b7ed9394a098e5b24ac690cf04ed2b6467e1d62e9047
ported_legacy_cert,05_CERTS/ported_legacy_primary/D0-METRO-002/vp_c_time_length_single_section_closure.py,1311,ed1724725d68ec442ffac230d2777bcd011b0db32e403400156b4cdae463c11f
ported_legacy_cert,05_CERTS/ported_legacy_primary/D0-METRO-002/vp_calibration_dag_and_lambda_section_rigidity_20260522.py,1776,fc1969ce6e086dbe5e449828c3f73497c8938460d4ba1b010af7113db946560a
ported_legacy_cert,05_CERTS/ported_legacy_primary/D0-NEUTRON-001/vp_neutron_beta_archive_split_closure.py,2164,1a97b49b82365dfb8037112c942dfe004937f2065ecf03e47c8ea6594c0219c3
ported_legacy_cert,05_CERTS/ported_legacy_primary/D0-NEUTRON-002/vp_neutron_lifetime_full_integration_audit.py,6420,5fded4939a7b335ff8e71203f0505e502caf96ecf9bfb5895b04c4a30ca807c1
ported_legacy_cert,05_CERTS/ported_legacy_primary/D0-NEUTRON-002/vp_neutron_lifetime_rate_closure.py,3929,40b502bd17b9ee99da94f4de0e3434cf1e101e82a27458376b4629eca6abe64b
ported_legacy_cert,05_CERTS/ported_legacy_primary/D0-PROTON-001/vp_proton_terminal_destructive_readout.py,2749,4438f49d18a9bc430d4f9bd6bc146bf79e6abe391d6645f6c016e533fc31bfb1
ported_legacy_cert,05_CERTS/ported_legacy_primary/D0-PROTON-001/vp_readout306_action_cost_and_archive_pressure_20260522.py,2281,ac31a3ce2a8117aaeb119d2ceab148a8f54614a5a16e9103552f40c992e6fa7b
cert_data,05_CERTS/PORTED_LEGACY_PRIMARY_ARTIFACTS.csv,5224,6caa97a0f27ead4f8a14f5a4a110c729578ded9409d22202cfb0cffc1854b5c8
cert_script,05_CERTS/run_all_bridge_certs.py,944,2e7a87f33aae77f493548db3646fce26ec97833e459f77fed4d0e64f35b3b74a
cert_script,05_CERTS/run_all_core_certs.py,1292,ce73600791ce3e9cddacc381721a03e67d6036832c58e75a7449d9212f83b581
cert_script,05_CERTS/run_all_empirical_passports.py,1013,a09f6d3bd64348f6bbb09eb7743c406a9b309384acb10d800e353226e4e5a94e
cert_script,05_CERTS/run_all_v1134_external_hardening.py,1032,b575b5e9679311416106e15099afe4ddd2f9d0ae800a7167ab59fc7e4e3ed47e
cert_schema,05_CERTS/schemas/qnm_delta0_model.schema.json,887,0f3ad8b966ca5bd670708b9e019a468d077a53c49d87acf05120fa8aa1c99612
cert_schema,05_CERTS/schemas/qnm_extracted_modes.schema.json,619,3d202ce652be98fdb65f9d1a61f8604d6f2232b717a415b37850c6af8f6138fe
cert_data,05_CERTS/si_calibration_boundary_report.json,550,b16094e7082fda3bbd92898f079e03402da152352daf76932eb9a2d70031e247
cert_script,05_CERTS/vp_archive_convex_order_domination.py,5146,1543ff39ee26655c0e090354165c561c1398adaa56be7596060483e0ae746402
cert_script,05_CERTS/vp_archive_entropy_softmax_coupling.py,8191,2167a19ff5303311aac31e6dc4cb85df36fcc10b699f4b50c5d0085b076b7c40
cert_script,05_CERTS/vp_archive_friedmann_instability.py,12001,2aaa7428b9e8b205943b5100768e780cdfc44744891753ccb3a693c2e99aa85d
cert_script,05_CERTS/vp_archive_heat_trace_expansion_fit.py,7531,eddab7cbc7b911d54a39596bc8de2ab3eab4b4bde9885ad1c0dd9411aaab6c88
cert_script,05_CERTS/vp_archive_heat_trace_weyl_dimension.py,10156,c793b13744b928f2a340804454a2e5bb3c4e43e924ffb52fd49084964f003a46
cert_script,05_CERTS/vp_archive_laplacian_rg_flow.py,9122,008619a999ecae63876d9d270f40025102f60de8fe249c0bf26c0249dd6bc953
cert_script,05_CERTS/vp_archive_phason_dark_matter.py,2222,09dd01e44bb1f35b3f9471e0980a7d03160d6364baf0c94af792a4cddba592e1
cert_script,05_CERTS/vp_archive_phason_halo_passport.py,9760,d6fe04c1e064a7ee03b3510611e97d2a88de4e05d8be495c9a453e6001d037d4
cert_script,05_CERTS/vp_archive_seam_curvature_action.py,9187,bfa662bbe59b1537a9ab806558d4c5585e07b747934ee1f48e00b293b3003353
cert_script,05_CERTS/vp_archive_subgaussian_hst_admissibility.py,4613,08fba280387094139694f0989414f3d5c6d1264301a4497bc2065f033e5f043e
cert_script,05_CERTS/vp_archive_variational_field_equation.py,13699,0b9fb50c6b6042a59158e2464bb80985831badd2a82e26f8452a84d648c30cb6
cert_script,05_CERTS/vp_archive_weak_field_poisson.py,8426,43874fcacc9394a89b58c60a6d9c07b83441610f50e4385c4565cbbeec0f4165
cert_script,05_CERTS/vp_bao_sde_phason_flip_passport.py,2716,f55f8ba46ff0b9d5971c478bb49336170b7a0de5d9a60e4e8982626e7e521da7
cert_script,05_CERTS/vp_baryon_s3_symmetrizer.py,234,f2231856781979532962298b1b4a8a9490b8e29f5c92601b6994b9aa4d638ab4
cert_script,05_CERTS/vp_baryon_s3_tensor_symmetrizer.py,2238,9e5cbc144e8ad8208dbe5ce64c3822bd83e42905be8c69f4f8be048a21672ab2
cert_script,05_CERTS/vp_book00_synthesis_rewrite.py,1402,ba621b07082d6ff9866c4e3e5c95a48093503995a5fbc7db5a723e58f6990846
cert_script,05_CERTS/vp_book01_synthesis_rewrite.py,1786,b3d538b328ad16881b710a3d52df5c3ef0365e5a4fcab1b728cb2aed910f4d19
cert_script,05_CERTS/vp_book02_synthesis_renumbering.py,1705,cd5e6daf8a92a20c1cefba44035d0dcb8ceca398f173b358e6d3059473707daf
cert_script,05_CERTS/vp_book03_synthesis_rewrite.py,1988,bf1c24c152efdccce8c1582e205ccc36df90be83740ae7db1b5873ab2abee7ef
cert_script,05_CERTS/vp_book04_centered_full_support_selectors.py,2178,dd1cb0c15f4b5df94b759d6f48d878c15215e21adcc27a4061f81dee04e62e34
cert_script,05_CERTS/vp_book04_combinatorial_selector_origins.py,1067,9b6ee387b7d1dba4bd471eaf53d2a62cf1ce9618b54835e2974fc577a46eeb0e
cert_script,05_CERTS/vp_book04_spectrum_matter_rewrite.py,1219,8c62179b7810ba2f40d159e6ca6dda26c0012e0e10c8ed3d10cc6d928b62313b
cert_script,05_CERTS/vp_book05_verification_status_rewrite.py,1389,f7eec867fc61f869f42dc28d53aed5dd216322022bedd503045ccb4e0014100b
cert_script,05_CERTS/vp_book06_evolution_time_rewrite.py,1511,40654e4621d5f16ef207ff4b031fe4e6d0657e8366170424a1529ba2c01dbe1a
cert_script,05_CERTS/vp_book07_gravity_geometry_rewrite.py,1763,baf099cd61f79b86dc7e0dfba0b6db95a0468cf120ba75ba8ac8a136fdc2d819
cert_script,05_CERTS/vp_book08_cosmology_sde_rewrite.py,1822,3e5eb8375bd2caa18c53496c03ce379fca3b1b603d5783238c574b115de43783
cert_script,05_CERTS/vp_born_quadratic_origin.py,2291,8878acd42957ce310a1a2f4db7e0c0bbd96401525f169f199ceeb83b247c2462
cert_script,05_CERTS/vp_canonical_operator_search.py,2157,2265038831ba4e66bcd1576f2820054822abfd9f4974b51ce01e4c451ab7b289
cert_script,05_CERTS/vp_charged_lepton_transfer_certificate.py,752,7caa3ed264cab75705edb3a26c718ccec50076dbcd8c34c2643af67818d59722
cert_script,05_CERTS/vp_ckm_exact_matrix_certificate.py,643,b895774f6781af4de1323055fd0b36e909a5043f2b3b50d43619f4f934710b2d
cert_script,05_CERTS/vp_ckm_holonomy_external_convention_passport.py,2558,abfe22eddebae70a75cc1962acb05dcff45cce31406ebd4cd2f3cca2b14d57a2
cert_script,05_CERTS/vp_ckm_phason_holonomy.py,3102,fe5bd7627257e26001116b969a193c1f699f73b4d5fa70f45e7277d85f6945be
cert_script,05_CERTS/vp_ckm_phason_holonomy_k0.py,1758,2e98a20ef9617ae3c8ba7345d5572eb8c019745cc15e1da4726f3fe188867a79
cert_script,05_CERTS/vp_cmb_phason_flip_entropy_passport.py,2798,f7a78dadbd5df0700d43ba0a3d9afe1cbebd3b9050a3c1ca341fdcc9a183f3fb
cert_script,05_CERTS/vp_condensed_operator_architecture_v1120.py,1618,99fc213931147a04827bb463f2de06199e1d66846e92711f627c38cce4c5910b
cert_script,05_CERTS/vp_condensed_phi_vacuum_cut_project.py,1873,82f58ff5180a16f599d348957757eeda6fae1b4cb826470030047a2d9d4d57f2
cert_script,05_CERTS/vp_core13_shell_geometry_passport.py,7064,00d8281a6f2a88366f4005f43e04d0dcd71678d060e4a2d9a9f91782c1d5e7d2
cert_script,05_CERTS/vp_cosmology_entropy_flow_likelihood.py,7652,31744228c84690caefc7b4880716aa15e3748a13ae105526b889c9fe3c7db2ce
cert_script,05_CERTS/vp_d0_tiling_hull.py,1971,2fd32466b0509e4c040f121a7ba94c305dc7eaf35e39d3a765f20cd9960fb40f
cert_script,05_CERTS/vp_dm_classicality_guardrail.py,3693,643979c4c287ef0aef84faa7b5ef650980fab72ac2f531e94a404e756f931d1b
cert_script,05_CERTS/vp_entropic_archive_gravity.py,3909,44db10b850d8c3dafb32135cd44ae71768042b3323c830235d1494c71da478d0
cert_script,05_CERTS/vp_finite_spin2_wave_operator.py,303,749d616a4e0c0c552d05f5c6faa303c4f69f8dbc6dc49acfd78513e69a544828
cert_script,05_CERTS/vp_finite_spin2_wave_operator_concrete.py,3951,8f6879305c227d8c7a424f6c328c8fb0395b9c31a7450b9ae98b1ff98019eb64
cert_script,05_CERTS/vp_galois_lorentz_signature.py,1661,d8145cccc8353ddf08c9731ca7f8cd44a79cea0be370af72091a7b2967f227b8
cert_script,05_CERTS/vp_gap_labeling_d0_tiling_hull.py,2227,7d88bdd4adac56bf6c7a96e98f25b078325bec43c3b5ad158b4b3b410a063427
cert_script,05_CERTS/vp_generation_overlap_response_origin.py,517,797e2611b077c01ddaca0645ba4feb9c3bc1ffaff2bea489acaa8cc182bb7964
cert_script,05_CERTS/vp_generation_selector_origin.py,2819,fe1bddf781d5f2caf328c4d5d7d13dc3b67f99d28f95539fb8d28526473def00
cert_script,05_CERTS/vp_higgs_scalar_projector_constructive.py,3579,f8cb92b7a7bd058096e605883e8932950f7dc0cb8bae0bb7594afaec08a6719d
cert_script,05_CERTS/vp_higgs_scalar_projector_positive.py,312,9d57b1ed52b37e29b91e73da56a4fbd1808e87c5ee37110a3dfc70c51105d3ba
cert_script,05_CERTS/vp_icecube_hese_baseline_comparison.py,3498,70f4a48bde2afbea35927f362f94b0ec37032fbc598642f897491b8dbff7a32d
cert_script,05_CERTS/vp_information_quasicrystal_phase_unfolding.py,5795,1be11a42227b9054399066c491ffbafff5e02f2d1647afe2dc17a0ea6771cfae
cert_script,05_CERTS/vp_ligo_merger_mass_defect_current_catalog.py,10249,aaefbb93ee122f2c5f427db1f3f5d1eca58bddf578ba11ebf31ce2c94c98e1a1
cert_script,05_CERTS/vp_macro_einstein_interface.py,4145,ef6c88d3471f7e8783333c7d8b8292c44b3fc872575f6d4673ce405f268a07a9
cert_script,05_CERTS/vp_master_evolution_theorem.py,4058,af8e1a5af5e5cc6e35995523cfa7aee51a2cbe22d16ad8361515ce2cd64da594
cert_script,05_CERTS/vp_meson_defect_transfer_algebra.py,2709,db8a04346b6cb274efe249cdd8ad669dfa2d0e0f550b8236c29ca130849b5603
cert_script,05_CERTS/vp_meson_domain_wall_pdg_passport.py,2746,e41ec7a65d28d8f6a0e964da56d0ce8319ba4d61292227d8f821d280fed04bc3
cert_script,05_CERTS/vp_meson_phason_domain_walls.py,1580,172497f759c4204c67c7a75bd220afb51994b5cd3c68bd5911f61a1972b8d0cc
cert_script,05_CERTS/vp_meson_positive_defect_transfer.py,367,a24226b632f20ae198fe81b2405dcce117a36ccd1e112a2941b34b7baf475d5d
cert_script,05_CERTS/vp_neutrino_phason_decoherence_passport.py,11466,7b5d55fb77af28ddff11d4a9dffbc77531f8ffd8fba5cf485d2ba63893868e06
cert_script,05_CERTS/vp_no_go_stress_test_suite.py,2084,bd84bcbe5c2090c26dc68d93fa234dcc0c932cbdaed1d9ffa00293f4eca28234
cert_script,05_CERTS/vp_noncommutative_solenoid_gravity.py,1447,ec60f35a524effd13686d78d1f528a993e0e5adfe7ccab79ccf87a8775cc7455
cert_script,05_CERTS/vp_nuclear_shell_contact_src.py,11649,9af0e99390d29b40864c59fabd751e479e35cbb49ddd804d78d3ea76771550d5
cert_script,05_CERTS/vp_pdg_strict_passport.py,6869,c2de746100f54ef7c6f12b6c97f423f4439f4426bc04424342e622870d8897a9
cert_script,05_CERTS/vp_phason_domain_wall_mesons.py,1572,f3c85b81cbea43dd08adcd3c510be3323c2f25da89b0d4a6f89adeca932ee215
cert_script,05_CERTS/vp_phason_flip_entropy_sde.py,2273,62f1f633e3e343babaaf8c7d7cc017764df3a0f8fcaa705b8f4baf4ff52540dc
cert_script,05_CERTS/vp_phason_flip_inertia.py,2139,bf1999392eb0822c31b302dc10f6d849aa34f57c5b86af9d5da760ff2b3915dd
cert_script,05_CERTS/vp_phi_abcd_operator_cycle_v1119.py,3721,d0af53b093acfcc4a0dfd34bd5239686a91457afc418d05cd56a73f9be2ac804
cert_script,05_CERTS/vp_pi0_branch_defect_generation.py,4450,9d9ca8a861a39c63c49145e4f916ba18c157f242411a2b063dc3add5a5f1bd43
cert_script,05_CERTS/vp_primitive_equation_minimal_response_v1121.py,444,b1d60b4cbfa58a5c962007d1c507e1bce065b0bbc4a806f678587d8103e59d7f
cert_script,05_CERTS/vp_qnm_delta0_overtone_ladder.py,4501,3dc08a5236d08b9a8f61e302d8318c6206dff7fc1a557f9bc4b888a6ebbd2ae2
cert_script,05_CERTS/vp_quasi002_phason_strain_generations_baryon.py,5383,738efc079e462971f82ffe5f22649181acd806986e38b433ebc7b33e83a62f48
cert_script,05_CERTS/vp_quasi_generation_inflation.py,1782,b0daa2e7102dca5dfd011cc1b90f36d7697a1bd02f6a8f463bb078a32ff3c6f5
cert_script,05_CERTS/vp_quasicrystal_phenomenology_operator_origin.py,1885,e4b66df7e0c7c651822a8cdda44848b76046cd9de010b9d187dc34e80f65333a
cert_script,05_CERTS/vp_readout306_proof_cell_v1113.py,1779,27826dff941b48f46a1a94091ac23a563b76dc59b463d756eb6ed4fd563e5ddd
cert_script,05_CERTS/vp_si_calibration_boundary.py,6060,3448ca1831d7ee5616b5806eec7e2a277a6272a78adf782143bdff82bf578109
cert_script,05_CERTS/vp_sparc_phason_halo_failure_diagnostics.py,8044,66cef46f8bfa722130516b7e81b90d3822586bf0860da6f189a3e968b8704544
cert_script,05_CERTS/vp_spectral_action_eh_coefficient.py,13463,72e8463528e770a2354d0085636bc36affaa3c44f144422dfecfe629deeefe68
cert_script,05_CERTS/vp_spectral_action_expansion_stability.py,8945,b436674c9e3e24f86bd09ce2ad384d92b039bbeec2db5f3b46ed007b7c3ecf7c
cert_script,05_CERTS/vp_spin2_dof_arithmetic.py,442,27e2d14786e4dcd6596119ea5d94bbf9b6f09af9b0c69b4c3bf30fa3a1dcfcfa
cert_script,05_CERTS/vp_toral_automorphism_galois_balance.py,2480,c7ece99c779a0e57360335be3052a373e43b1ca097fd7a8afcff397c5c92e761
cert_script,05_CERTS/vp_torus_core13_geometry_origin.py,2645,f04683a076a3835f5b94eed704cc9b71bdcbb8156ffe23cbf9bb8c62aea4efd2
cert_script,05_CERTS/vp_trace_heat_capacity_gravity.py,5212,6577f75163b2b4ff4912db936f5a2ed4a923e603aed8758068b085324c4de2d8
cert_script,05_CERTS/vp_v1116_qft_eft_constructive_bridge.py,2014,f6607327709789610df7ce09b4409730671c733c1bb7350c1fad808d92f1430e
cert_script,05_CERTS/vp_v1122_critic_closure_arithmetic.py,857,1ee98f97ce590c6954dc2f34360eac45f934afb7c816a442accc6572565ddb4d
cert_script,05_CERTS/vp_v1123_closure_execution.py,798,4bfb621ef5a076ae3eb5a88f8944ad50299d36cf0ea6b954b4931199737b3dfe
cert_script,05_CERTS/vp_v1124_open_sector_closure.py,3549,d74968f6788e4faca0ea91000dd90d4aecf4b90e5aaaee35f98ca27648fba0a3
cert_script,05_CERTS/vp_v1125_hadron_meson_transfer.py,1540,5f393b809c867e2be5e41c8841b2ee8d7a0ce9ec05ae75c08d2725f563ee2a6a
cert_script,05_CERTS/vp_v1126_convex_response_bridge.py,2268,dcadeffd8ec1abb703bdbd1b5c7768ba67d33eba623c9862ff96ba3b04f4a52b
cert_script,05_CERTS/vp_v1127_executed_entropy_bridge.py,4174,6bab4ab2246aff8bab328ed25f580db7eced64b354fa62a2431557f82c591878
cert_script,05_CERTS/vp_v1128_executed_core_bridges.py,5601,82368773398c4426da6fb2f7030f264cf701f74b330b87798f14d9fa2e61577a
cert_script,05_CERTS/vp_v1129_gauge_isolation.py,4444,dec93c7ce6806bf181c914bca654b6739da208425a46a872db1cf0a129ceb85e
cert_script,05_CERTS/vp_v1130_high_gain_uniqueness_atlas.py,1689,c587235e319a6630fbd81ceb5861d7d62d7b311c3af3d0158e869ffdd3c49ada
cert_script,05_CERTS/vp_v1131_standard_language_normalization.py,2243,4b4ffcf49175ff27ad164c21c3c48d354feaeb7b1e2d47d0fd901599b3182bc2
cert_script,05_CERTS/vp_v1132_gauge_matter_ward_anomaly.py,3078,592297ecfd0e9baa4a97f084290aaef1494a07c3b7dfddd7d0b7827e76fbed3a
cert_script,05_CERTS/vp_v1133_bao_sde_reproducible_passport.py,2004,e5c6ae9e7592673f1872a3893b245d6536aaa09a4845e78ce8236597f01732a3
cert_script,05_CERTS/vp_v1133_high_gain_full_atlas.py,1673,2512d4ff79abac5a55de31f596bb171c95130d9b8af08313259aedf5b93134cc
cert_script,05_CERTS/vp_v1133_qft_rg_scheme_passports.py,990,067b720b3efe92a82e87c016b04debbf992b7b6cf82f2e53718b11513665e111
cert_script,05_CERTS/vp_v1134_alpha_scheme_passport.py,2179,697e8e89428c3dde56c97c15b64c6ed4d671fdd8d092b1848af98cc5024ab2c8
cert_script,05_CERTS/vp_v1134_lattice_ward_anomaly_hardening.py,2933,427c0478e17d04dca09f5f7f8679138f987a8344e3ee2f73463a2cff0c2517d0
cert_script,05_CERTS/vp_v1135_lepton_gm2_scheme_bridge.py,1409,88684c885602259fa938f36ed3d2b9e388a14e149e2cc1cc47a688a066110d79
cert_script,05_CERTS/vp_v1139_phase_unfolding_theorem.py,1445,f9b50f65e51d477b969402fed8d7114477ad01347f8618c6ea1aa1e32c1cf59c
cert_script,05_CERTS/vp_v1140_phase_unfolding_master_chain.py,2034,6851b9a9e8472bf01369d70370cd566ce548057961eb96dba9bd8c748c46b3d9
cert_script,05_CERTS/vp_v1141_abcd_omega8_v9_phi_capacity.py,1953,ea762f8cc1ee9bf2e3a29b5578fc9e221d9912261fbed6991e095e46c6fe94eb
cert_script,05_CERTS/vp_v1142_hurwitz_phi_phase_rigidity.py,2630,9484cb8338bec7d2c0bc20c0503b5c0a134dffc2e02a7f3cc499149cc72a7fbb
cert_script,05_CERTS/vp_v1143_forced_return_windows_capacity.py,5262,e080be0f8d4c8c1d0bb2d0eaf04248f4513ca9da2c216456f52ccd47d92b9aae
cert_script,05_CERTS/vp_v1145_operator_bridge_triple.py,3414,d49cf6227a0f02902662db86afcb08faf6826222d7e99ab4e672edfdeceac4c6
cert_script,05_CERTS/vp_v11_global_migration_synthesis.py,1729,a36b5a52eab79e6d0f3134befb480cb2c4c8df2dc861011dc33cf5812e84a99d
cert_script,05_CERTS/vp_window_fractional_charge.py,1823,940320157e487497f93c281f50f31c4a597ae5714dd8a8aa248d8309ab5aa59e
cert_script,05_CERTS/vp_window_offset_chirality.py,1924,550bbe7e45449352685f7f0a42914666bab1f7d8e2c00b760b28ed3f6744f065
passport,08_PASSPORTS/_DATA_MANIFESTS/ckm_holonomy_external_convention_manifest.json,624,34174e64ab5750e9a515012aafaf496d2cec3cd10388971fe7ca7172bc4a6010
passport,08_PASSPORTS/_DATA_MANIFESTS/desi_bao_sde_phason_flip_manifest.json,590,52756a8144355414fbfd3ab17a8e66477a57a804deed52a6fcfdc902a9cd8246
passport,08_PASSPORTS/_DATA_MANIFESTS/gwosc_ligo_merger_mass_defect_manifest.json,1000,fd7a6bc1912a5614a50ef0eb9e33b06ff1dbeb6e4fe681a219b72651fcef1dc9
passport,08_PASSPORTS/_DATA_MANIFESTS/icecube_hese12_manifest.json,1892,8b3ebbc0a8ad6ea0551a12e4167194d8c161c26ccdbe1e3c3685fb29b44a2b26
passport,08_PASSPORTS/_DATA_MANIFESTS/icecube_pointsource_10yr_manifest.json,714,8d6efc6920545d15ed230a0a1f52cf38b961b66d43bb1ad97360edf15ff95a5b
passport,08_PASSPORTS/_DATA_MANIFESTS/icecube_tracks_dr2_manifest.json,2331,65e8a1fcbafaf4df9514cd1bdde2aa5e5e19f1f98186740fb48ebfa3f09bd1e7
passport,08_PASSPORTS/_DATA_MANIFESTS/meson_domain_wall_pdg_manifest.json,580,75ec023e8e5780100f31fb1fd369f4d9d3c677bd3663db590230389d9e90bea3
passport,08_PASSPORTS/_DATA_MANIFESTS/nature2026_src_manifest.json,1684,c94f273c568e843e7ff3b8ba9fa9d8c427f972b0048ef84ae63b7ca68aaac1eb
passport,08_PASSPORTS/_DATA_MANIFESTS/planck_cmb_phason_flip_entropy_manifest.json,638,cc006d85b80b24cecff8656a5f359587de0e8b604cfea85277ec12c09af8e11f
passport,08_PASSPORTS/_DATA_MANIFESTS/sparc_archive_phason_halo_manifest.json,924,dfbdbb678ce5ec986d70c6aeb7770bef581613fa160a5251bab92f0992dec4c6
passport,08_PASSPORTS/_EXTERNAL_DATA_CACHE/gwosc/gwtc_full.json,2364641,0a38575285bdf3c299fdcfd92ebf7f021cf6e133d492c9a04f50953545015a29
passport,08_PASSPORTS/_EXTERNAL_DATA_CACHE/icecube/hese12/data.tab,32757,7feb92cf7f380cdc990b94c488096813e4499bcce6e136e2fe59c5bd115e422f
passport,08_PASSPORTS/_EXTERNAL_DATA_CACHE/icecube/hese12/LICENSE,7652,e3a994d82e644b03a792a930f574002658412f62407f5fee083f2555c5f23118
passport,08_PASSPORTS/_EXTERNAL_DATA_CACHE/icecube/tracks_dr2/DR2_readme.txt,10585,b9fb11dc8136cec79541208efebf1a0684628c70fed76b6d40c8e6d3d691f802
passport,08_PASSPORTS/_EXTERNAL_DATA_CACHE/icecube/tracks_dr2/IC86_effectiveArea.tab,152107,7f4f44a5aefec5a94e9726be6c9fae7c85a35bea04abaa264691669f8744e64a
passport,08_PASSPORTS/_EXTERNAL_DATA_CACHE/icecube/tracks_dr2/IC86_XI_exp.tab,45101,e439104352f5a1bbd8191f6d4cd076779d2e5de8aef5725db002b4b466fe03aa
passport,08_PASSPORTS/_EXTERNAL_DATA_CACHE/nature2026_src/source_data_fig2.xlsx,19299,1cfb9b46c73e479b6e228734cfaffb606fd8c5d706f5bedd7652994a284928ee
passport,08_PASSPORTS/_EXTERNAL_DATA_CACHE/nature2026_src/source_data_fig3.xlsx,22574,97dbb7206f445f38849fdc46a18e2a0d6d6b504b75dd782a364c959456ca734f
passport,08_PASSPORTS/_EXTERNAL_DATA_CACHE/sparc/MassModels_Lelli2016c.mrt,269518,9108994b12cc401b94a1768beca61c53ec354779385c9c9cc571049f3043244c
passport,08_PASSPORTS/_RESULTS/external_passport_summary.json,8826,f8549599d449e647737b100fead2cb7af61bfe8717d6ed430124fcab13478e84
passport,08_PASSPORTS/_RESULTS/external_passport_summary.md,4878,156891128ce603d6ab50bbf580fe44afced01686464596b3d4b3c05cf14159bb
passport,08_PASSPORTS/BAO_SDE_REPRODUCIBILITY_CONTRACT/D0_V11_34_BAO_SDE_REPRODUCIBILITY_CONTRACT.md,1440,28ec05c599bf58df83f846d317781a0858e87313bc598a86c4f21bf45c3134d7
passport,08_PASSPORTS/BAO_SDE_REPRODUCIBLE_PASSPORT/D0_V11_33_BAO_SDE_REPRODUCIBLE_EMPIRICAL_PASSPORT.md,512,8a982c6fe2f03b6b3b57582d67cf52bfbe3447c742786dbd88632eabde976a63
passport,08_PASSPORTS/CKM/ckm_holonomy_external_summary.json,236,c4860150b4a31635150ab22474454bcc8911a02915f881728cf684cf5088618a
passport,08_PASSPORTS/CKM/ckm_manifest.json,624,34174e64ab5750e9a515012aafaf496d2cec3cd10388971fe7ca7172bc4a6010
passport,08_PASSPORTS/CKM/pdg_ckm_holonomy_summary.json,256,34e315520e5ceac4455dc72ab5c87b0003c8128bc963232323af499197f7a295
passport,08_PASSPORTS/CKM/pdg_ckm_manifest.json,583,41eee41178d129c1abd42d342db9d79d148ea706f35f867ba227953351bf9edb
passport,08_PASSPORTS/DESI/desi_dr2_manifest.json,590,52756a8144355414fbfd3ab17a8e66477a57a804deed52a6fcfdc902a9cd8246
passport,08_PASSPORTS/DESI/desi_sde_results.csv,64,1275f9bad227760b72ff34ffe1a4613c00e397b10fe9d3b51c08ad34d67aa0e8
passport,08_PASSPORTS/DESI/desi_sde_summary.json,198,e450fdb6cfc6452ebf58da04d2c79f77115270701821db6c8e848d3e0d2802d0
passport,08_PASSPORTS/DESI_BAO/desi_dr2_bao_manifest.json,536,90c88eb7cd23a1516af0423a1356d4cc0772fd046bbbcc817c370b087cfe19e1
passport,08_PASSPORTS/DESI_BAO/desi_dr2_bao_summary.json,210,b4c8f22c07a1b4b63557137e0aa135c4658a826597376d89bba61e547283a2ea
passport,08_PASSPORTS/GWOSC/gwosc_manifest.json,1000,fd7a6bc1912a5614a50ef0eb9e33b06ff1dbeb6e4fe681a219b72651fcef1dc9
passport,08_PASSPORTS/GWOSC/ligo_current_mass_defect_anomalies.csv,1143,2cb9ce94b7c1adf5d666cdd952bea1659959db7075119e02340a4a2640b07841
passport,08_PASSPORTS/GWOSC/ligo_current_mass_defect_results.csv,43638,3a18e4a2df5d19d47d3bcdbfd881a8094d0a52d5a5b77df50bcab2b2d64c2e8e
passport,08_PASSPORTS/GWOSC/ligo_current_mass_defect_summary.json,1995,e4f28af3f85b46c3442caea417c5b1db5c740809359d8341dd021b36752bec89
passport,08_PASSPORTS/GWOSC_LIGO/gwosc_current_merger_manifest.json,601,02567763f916f1c259e67041af8765c383d567c6adacbacf6e7ba69cc38df655
passport,08_PASSPORTS/GWOSC_LIGO/gwosc_current_merger_summary.json,254,ff8644a5ab461e41c0f4ade0eeaf555aa0dd7145975f791d9b17ac644790e369
passport,08_PASSPORTS/IceCube/icecube_baseline_protocol.md,1840,737064b8730b644a35af5b3066914bdc43007cbce39a294af6a319a7b1e483db
passport,08_PASSPORTS/IceCube/icecube_hese_baseline_summary.json,1172,12bdb0fea4e07e441da56ae9ba5c5a7f7c0ab913f6974acef09f5f1807278dfd
passport,08_PASSPORTS/IceCube/icecube_manifest.json,1892,8b3ebbc0a8ad6ea0551a12e4167194d8c161c26ccdbe1e3c3685fb29b44a2b26
passport,08_PASSPORTS/IceCube/icecube_phason_decoherence_curve.csv,13671,ffab90d6875660749878efcb8fae77c1da26d099fb0a8497379eb67194bbdcdc
passport,08_PASSPORTS/IceCube/icecube_phason_decoherence_protocol.json,585,eb72e163ae489c0020f632347b8158961491d427a21e6c2e61a56864ab096c6e
passport,08_PASSPORTS/IceCube/icecube_phason_decoherence_summary.json,402,50d8463fabb3367e98db95537d63c4657db631d965c3d2337677b83a75883240
passport,08_PASSPORTS/IceCube/README_DATA_REQUIREMENTS.md,291,624b05ed68679ac2be82dc19d53bc52fba379a87c7ea99166ebdc20766b8d80a
passport,08_PASSPORTS/LEPTON_GM2_PASSPORT/D0_LEPTON_GM2_ANOMALOUS_ROTATION_PASSPORT.md,4091,523ad542ca14d8bd7ab130d7782e8cd027037e6dad7a6d229d1be1adba0ba04f
passport,08_PASSPORTS/MesonPDG/pdg_meson_domain_wall_manifest.json,536,b3222d159764eb3abc1f58a76cec89ae8010be6e18fdaa1aa9f61012fbd079d7
passport,08_PASSPORTS/MesonPDG/pdg_meson_domain_wall_summary.json,208,3b178e2b998634cb311cfb506693cd5c9d36891b064ba46bf23fdc5ba052b974
passport,08_PASSPORTS/NuclearSRC/nature2026_src_manifest.json,1684,c94f273c568e843e7ff3b8ba9fa9d8c427f972b0048ef84ae63b7ca68aaac1eb
passport,08_PASSPORTS/NuclearSRC/nature2026_src_manifest.schema.json,1104,ff8b6306a4a35edd41bb4a9d7d9a2ae71e3424958d73cba4c9d2bf8594b2beb7
passport,08_PASSPORTS/NuclearSRC/nature2026_src_results.csv,139,caf81360a7d0b8a6deb5c28e7b7ef5fbd8bbf33bb23743e8278cfe16f5eef3bc
passport,08_PASSPORTS/NuclearSRC/nature2026_src_summary.json,247,8ef5738d136c1845269c4ca3276a1577598e4d7bf45e13b1548faea5ce0c2e89
passport,08_PASSPORTS/PDG/core13_geometry_protocol.json,950,f11498845c5ce4a41993c9bf22bc4e947355983784d4b6a7b76d37df659dfe42
passport,08_PASSPORTS/PDG/data/mass_width_2025.mcd,31341,7073c02222f08c19f5c40e422c5a54e9f9a75622b9e10b1b64096144e262d4b5
passport,08_PASSPORTS/PDG/pdg_dataset_manifest.json,447,59e9d42304a65375a328990fee17f7b17799a569ecb7b42392ff136bcc722658
passport,08_PASSPORTS/PDG/pdg_strict_protocol.json,787,154b917196593827d5c7a00d89c6946cbd37a33bb816a7761e44af9bbc4ca903
passport,08_PASSPORTS/PDG_Meson/meson_domain_wall_pdg_results.csv,67,78ad70cb4581a111327bed673309a5a29297907600d6cbb2931dc0a776c40aa3
passport,08_PASSPORTS/PDG_Meson/pdg_meson_domain_wall_summary.json,205,4a64bcd75a9c3b3d7dc1a0b8c6ef220bd312687c70343e054d074416da5cc066
passport,08_PASSPORTS/PDG_Meson/pdg_meson_manifest.json,580,75ec023e8e5780100f31fb1fd369f4d9d3c677bd3663db590230389d9e90bea3
passport,08_PASSPORTS/PDG_RG_SCHEME_TEMPLATES/PDG_RG_SCHEME_PASSPORT_TEMPLATES.csv,1946,a345f193a7f47cfe46f8c9fb0a49041e63b230c5ae27a80c07b5cde1df0d7b39
passport,08_PASSPORTS/PDG_RG_SCHEME_TEMPLATES/README.md,314,12d79234e46c5ff7a8cc4d02d7d84955cdceb0ea24ff890ebf70dbf0c01f6574
passport,08_PASSPORTS/PlanckCMB/planck_manifest.json,638,cc006d85b80b24cecff8656a5f359587de0e8b604cfea85277ec12c09af8e11f
passport,08_PASSPORTS/PlanckCMB/planck_phason_flip_results.csv,52,f20bc7ce662ba75b6a3f30275baa39c579cffe1a936fd89f4a0171a8dd2b6ddc
passport,08_PASSPORTS/PlanckCMB/planck_phason_flip_summary.json,218,bd77c9d532897a56cb9f585419f7836dc35eca38b1f9292bf087fc75d622af56
passport,08_PASSPORTS/PlanckCMB/planck_pr3_cmb_manifest.json,581,3d4498b884785845ab7bca8f72ab80d47f8a3d4a46af6b54b1e9076d13219fde
passport,08_PASSPORTS/PlanckCMB/planck_pr3_cmb_summary.json,226,42f3ed63a1732d41a3ec29e174b57f15b49624762c8ef292e21f0b63ca39622f
passport,08_PASSPORTS/QFT_RG_ALPHA_PASSPORT/D0_V11_34_ALPHA_SCHEME_PASSPORT_EXECUTED.md,1575,7e2872753a3290b8357bf20828d683ad546100a9ce9d74980c905413e745756c
passport,08_PASSPORTS/QFT_RG_SCHEME_PASSPORTS/D0_V11_33_QFT_RG_PDG_SCHEME_PASSPORTS.md,870,61f05ea898752a46f061896288ef25615fd1e677ddf9fc74cd586748be9d333c
passport,08_PASSPORTS/SPARC/sparc_archive_phason_halo_manifest.json,594,dc58f70eb4cb08629072bf1c981e4e59d5957a6921ae6043378a4833850976b1
passport,08_PASSPORTS/SPARC/sparc_archive_phason_halo_summary.json,321,e2f2a6d5cf9280be5bfd78fd4b19fda14032e9c5ce784545ffb062af5a55ea4c
passport,08_PASSPORTS/SPARC/sparc_failure_diagnostics.csv,40278,590f182c937785d929cf05b5ec1b3e79787f8aeacd56a65f0b99b3d6f2c2c25e
passport,08_PASSPORTS/SPARC/sparc_failure_summary.json,768,b7dc93c08069d103c93d9945d9cf5abba603a9b85346d968658d691dca2cb294
passport,08_PASSPORTS/SPARC/sparc_failure_summary.md,557,a9d1afb9946b16b1b8b0702c8ea52d35908501dba13e7799a8b3339104026a3d
passport,08_PASSPORTS/SPARC/sparc_manifest.json,924,dfbdbb678ce5ec986d70c6aeb7770bef581613fa160a5251bab92f0992dec4c6
passport,08_PASSPORTS/SPARC/sparc_phason_halo_results.csv,327240,fd9aecb053e7a40c614a599758e850344a77c509d03e2d04f246dca1d624fb85
passport,08_PASSPORTS/SPARC/sparc_phason_halo_summary.json,545,e0663d53d80bf23be483ab40b83af6f2c9982c278a2b8c0154a7c12906dd97a1
lean_project,09_LEAN_FORMALIZATION/.gitignore,140,7557bca1ba327861b6ae2cb8341d163b50a911d637376562fc5a9e8fc481ce5f
lean_module,09_LEAN_FORMALIZATION/D0/Active/NonzeroMatterSourceNeutrality.lean,39,537d93291e4ed9f4767fd57fec88584e579563d58f11ee4e3380455ce7ce34cf
lean_module,09_LEAN_FORMALIZATION/D0/Active/ScalarPoissonReduction.lean,43,540b5f1a58a7cbdf11e45b3fdc2b0d036ae2d2c377f5029d32865170af0d1a23
lean_module,09_LEAN_FORMALIZATION/D0/Active/StressLocalityTradeoff.lean,6073,b4ac674b190b2d57a4e995f359a1b673495862c7d6dcd94454e2f82f9b7893ad
lean_module,09_LEAN_FORMALIZATION/D0/Algebra/ArchiveCommutatorOperators.lean,1535,93544b08223a52e13fd1d11c3813c97f05a63f1f368baa29c5844d3df751cf4b
lean_module,09_LEAN_FORMALIZATION/D0/Algebra/Clifford.lean,198,21c680339925dd94937f2f56e060d371308002510bf0f930cc570cc626c8db1c
lean_module,09_LEAN_FORMALIZATION/D0/Algebra/Clifford13.lean,206,b6bbd44046d78c32aeb14ca6a61e83acb3a54220b235b0043428211b9e042481
lean_module,09_LEAN_FORMALIZATION/D0/Algebra/CliffordExplicit.lean,357,359e8e54c0fd77bc6bc78c1028104d47f8176ae3d32c402e599cced4e619ae7c
lean_module,09_LEAN_FORMALIZATION/D0/Algebra/D0InternalDimensionSelector.lean,2398,66c01a76844e0258075eec3e2f58f138b78a85cc811e6ce3129fc2e7df2cc808
lean_module,09_LEAN_FORMALIZATION/D0/Algebra/GammaMatrices.lean,2076,7ecabb54c8674995bcd7f3d63c944e9ae1a8e2499edf3e70092f13de89227de1
lean_module,09_LEAN_FORMALIZATION/D0/Algebra/GaugeActionSignBridge.lean,2727,2d09a85c253c72c457af5cbb6981613ca3218f6d4da24cb9512d9cfc51cf86e9
lean_module,09_LEAN_FORMALIZATION/D0/Algebra/GaugeKineticPositivity.lean,1009,ffb571ed280b40aa343119a7f561346a64bb0e08570aad6a5c775ab23e7b9c1b
lean_module,09_LEAN_FORMALIZATION/D0/Algebra/HurwitzLocalBoundary.lean,3585,ffa21afc27a47336cbf7d74d23e5139a52ed10cf863d0d146151f934207e5b9e
lean_module,09_LEAN_FORMALIZATION/D0/Algebra/LieCarrierFinite.lean,336,71fe535e797d96600c9d4580c2f79f7f81804247b91b36fd49789a330bd323c5
lean_module,09_LEAN_FORMALIZATION/D0/Algebra/LorentzNoGo.lean,588,cd9bdb8c0f6323798dd3c324196cae33e3a32d513062c5a8372b2202c4c6ec68
lean_module,09_LEAN_FORMALIZATION/D0/Algebra/RoleSignature.lean,686,5d671a743c1de9620d550404e0f4129935ad269757c6a7cb82224e0800d73d8b
lean_module,09_LEAN_FORMALIZATION/D0/All.lean,9838,2a57bd0c595db9390146339237c075ecbee49c169815216c53707330c7b14cf3
lean_module,09_LEAN_FORMALIZATION/D0/Born.lean,4146,d9afeb1913bcd56b4b98ba673ceb6c237abeb6792e05510853acb5c38d0f509b
lean_module,09_LEAN_FORMALIZATION/D0/Bridge/Assumptions/ExternalHST.lean,346,366ef0358af5a49ff477dc5379489ae4dad528880c63023e3555119a341cd17c
lean_module,09_LEAN_FORMALIZATION/D0/Bridge/Assumptions/HeatTraceWeyl.lean,400,79e9931071ec5acc736230bf316a4248e0809c601af634a73ed8346969991273
lean_module,09_LEAN_FORMALIZATION/D0/Bridge/Assumptions/Hurwitz.lean,273,ea63e12469b43b620e994dca2411652087d1901b49548d5a76b479143478aa64
lean_module,09_LEAN_FORMALIZATION/D0/Bridge/Assumptions/SmoothInterpolation.lean,371,a19b6dd57703b71285c749620d249a9846d93e1b43b0b83928330e07919d16f4
lean_module,09_LEAN_FORMALIZATION/D0/Bridge/Assumptions/YangMillsKilling.lean,249,28633edcee1fc8f508312361ccd12a32f847a22a2aa1a6a8829f5eae5d46859f
lean_module,09_LEAN_FORMALIZATION/D0/Bridge/ConvexResponseBridge.lean,252,541ad72769722da47a6f0bac3238c89f6a55e772c8deda5241b1c7c97f91a1ab
lean_module,09_LEAN_FORMALIZATION/D0/Bridge/FinalBridgeIndex.lean,50733,74bfc54d795bf1d6a250f713efac082c7aac8ea9c20aee49cea142fd5ef7e0fc
lean_module,09_LEAN_FORMALIZATION/D0/Bridge/InternalConeSpeed.lean,4172,f08146f95b96e1d86fe37f1a703d0dc6a1d690a254777c156fc55840090c9cc9
lean_module,09_LEAN_FORMALIZATION/D0/Bridge/InterpretationSpine.lean,11998,4cd7d89568be754e6fbc968487da5cc8a1fbea230d7f14ae11aeb4dda818abbb
lean_module,09_LEAN_FORMALIZATION/D0/Bridge/LorentzBridge.lean,526,f0223a4323805928f7caed10818037153ae9d8a6db15d5e648d27776ba6fe8cf
lean_module,09_LEAN_FORMALIZATION/D0/Bridge/OperatorOriginIndex.lean,1200,3a0a0c7eda456f8bbf8ab70400a3887a35464d9694158da2995fe11ce0acdb1f
lean_module,09_LEAN_FORMALIZATION/D0/Bridge/PhiDiscreteRG.lean,601,4e8b18dc5aef1fe66e9b498b0fb597f932e603225e94bb81f469c995a37a38cd
lean_module,09_LEAN_FORMALIZATION/D0/Bridge/SICalibrationBoundary.lean,1720,bcd7bcbfce0a6bbfc52083398e77ee39429d19f53741980ab390673e639f9dbf
lean_module,09_LEAN_FORMALIZATION/D0/Bridge/SICalibrationClosure.lean,2424,5d85ec19221a8bca281702e0a320384a98b8943a30b3225e329d031cae943147
lean_module,09_LEAN_FORMALIZATION/D0/Bridge/SmoothMetricBridge.lean,657,599d965c42739a65fdbc1f9dccb1fed4946d3665771d9862f4aa2dd3ba31c71c
lean_module,09_LEAN_FORMALIZATION/D0/Bridge/TickGaugeLorentz.lean,2131,bf4dc65f3497b10e60dc77619b7eac11447389221abea995692c1aa9fae1ca8e
lean_module,09_LEAN_FORMALIZATION/D0/Capacity.lean,989,d5e81670f649c52b0eba2b914d44e2254c46b7c6f8c3f975cc6bff1c12700fd5
lean_module,09_LEAN_FORMALIZATION/D0/Combinatorics/CliqueComplex.lean,295,1acb945b02648062b7b353678bce3eca5621136b2789aef6dc6b4c7c62c155e7
lean_module,09_LEAN_FORMALIZATION/D0/Combinatorics/CompleteTripartite.lean,736,e6e7fd4870d32b18c10ae29f88c235dc0d636f28a7beaad0b6fc13397c3a75fb
lean_module,09_LEAN_FORMALIZATION/D0/Combinatorics/EulerPhi.lean,227,83d9af2ead6462e454de1219cd1523d913221e5731114a5459982d25c0ff455a
lean_module,09_LEAN_FORMALIZATION/D0/Combinatorics/ForcedReturnWindows.lean,436,bcc743c895708e845e34c12d801925c5b9ac9d72dd3fa3d5e501fdcd6ff17ae2
lean_module,09_LEAN_FORMALIZATION/D0/Combinatorics/HighGainCounts.lean,319,1f99b4e4fe59172867c6d4f7edf73d9bb8d72f75aa7b01993b97a793f9c3cfe8
lean_module,09_LEAN_FORMALIZATION/D0/Combinatorics/InfinitePhaseTower.lean,4343,7122541e03cad9563e832135c6104f44b5dad704fa71f35f0da44e2a41cf49b9
lean_module,09_LEAN_FORMALIZATION/D0/Combinatorics/PhaseTower.lean,1998,2295ac0acacff7d38918c1bff87606852f5292d68010d25856443ca9f5ca78d9
lean_module,09_LEAN_FORMALIZATION/D0/Combinatorics/PhaseTowerControls.lean,817,f59f24f9ef8a2edf9c542cf8e06d97024ecb53ee7e5b3068da198979a74d87c1
lean_module,09_LEAN_FORMALIZATION/D0/Combinatorics/PhaseTowerMinimality.lean,2166,50b8e41d91391a8897c29058b3e36c2adb180d19ecc42d9e57832a08d3bc7b7c
lean_module,09_LEAN_FORMALIZATION/D0/Combinatorics/PhaseTowerRecursion.lean,1284,cbaae0e2bfdeaa197f1557a29eb53bbea780cddf78f98d9e8928c6a09b5ec46c
lean_module,09_LEAN_FORMALIZATION/D0/Combinatorics/PhaseUnfolding.lean,549,4753d815c41f8df990ba45d7ab038d75decaa775dbfd72e5c4e61c0783ce1f66
lean_module,09_LEAN_FORMALIZATION/D0/Combinatorics/Tripartite.lean,682,87e2bc5078a48fc5c94be236f4220f08f9b63c8eefa94bebe72a9fd5744b70ba
lean_module,09_LEAN_FORMALIZATION/D0/Condensed/AdmissibleSubfunctor.lean,261,b1b408dc2df5d42cba9ccb22b3c838cdc959ace760fb36dcaed5ee64b1e82b86
lean_module,09_LEAN_FORMALIZATION/D0/Condensed/CondensedPhiVacuum.lean,4821,977331c7bb8a46048ee4661ffdf22fa182d8a1b11211f605681d3540d02aaa20
lean_module,09_LEAN_FORMALIZATION/D0/Condensed/OperatorNaturality.lean,497,8a6be8638cd52e75b612db2416eca350f487c2bdcb2368fc969f854acd774666
lean_module,09_LEAN_FORMALIZATION/D0/Condensed/ProfiniteSupport.lean,378,19c41f5658ed122f083e86d9af4667054aed0082606802c1c1462baf689cded3
lean_module,09_LEAN_FORMALIZATION/D0/Condensed/ProjectiveSystem.lean,308,3a590e098ef9f50262b4b6ea3b542a08a6b2d536fb3d18dfa3e6bd8522d74158
lean_module,09_LEAN_FORMALIZATION/D0/Core/BornFinite.lean,6222,5fe9a40a3d0bc5528ba146192dbca72c782d502a83233e7430630ea648f75332
lean_module,09_LEAN_FORMALIZATION/D0/Core/BornFiniteEffects.lean,8030,0d4fdcb7b7233191b19eb07ccab61ff1901eb26bff4147fccc4a03ab13cdf66f
lean_module,09_LEAN_FORMALIZATION/D0/Core/BornQuadraticOrigin.lean,2739,8f32214f018417c6e8f3e701a381256093dd612f770277cfcb7babe1a2ac95c0
lean_module,09_LEAN_FORMALIZATION/D0/Core/BornQuadraticResponse.lean,6953,d5e9785c6dad2fa928d27ad1791ed7ee63148a1890a99af8b5a38b40b2ca8d83
lean_module,09_LEAN_FORMALIZATION/D0/Core/CapacityChain.lean,495,3ad077009a3376ce78d94386345d2b0c0f5c0cd3c9707f2e023409ca2003bbe9
lean_module,09_LEAN_FORMALIZATION/D0/Core/Delta.lean,480,c6132d9a2042b1bb06ec57664da1247fed8f528569c639c5cac5bbe17f792332
lean_module,09_LEAN_FORMALIZATION/D0/Core/DyadABCD.lean,375,9aa50c746c830a9c81270cecd773b7c5f00ba6b8d19451abeb4aeda4d1c9c358
lean_module,09_LEAN_FORMALIZATION/D0/Core/FiniteTypes.lean,1034,ced19b6714c8c9d1f687812c4bf9a19b572c02b689c5bf0881035b4f6bfc1108
lean_module,09_LEAN_FORMALIZATION/D0/Core/FixedDetectorTimeLadder.lean,1521,535222ce1ac401e9be2dd6caba539336ddcd1d35c995ce84d462baae536b977b
lean_module,09_LEAN_FORMALIZATION/D0/Core/MatrixResponse.lean,367,27036ab4020580f200932eb302d2cd63a8c07b9deee0dbf2a172fd6f62a54af4
lean_module,09_LEAN_FORMALIZATION/D0/Core/Phi.lean,1788,661871661e23ea971e5d50de5c63772db22ecbb5e461640b1f597bb3b6c5e38a
lean_module,09_LEAN_FORMALIZATION/D0/Core/PositiveResponse.lean,865,8f979df65bf3accf693c102bfc9a05600aa38c99eb676751f637c1572529bd1e
lean_module,09_LEAN_FORMALIZATION/D0/Cosmology/ArchiveHomogeneousState.lean,1353,71fad2f5fbf00fecd44fd2674b3aacfc322f6b4a7803c6e893a83b61be25cde6
lean_module,09_LEAN_FORMALIZATION/D0/Cosmology/ArchiveVolumeBounds.lean,3213,466c5529fb49139703e84827d4630baeb1a34cc5f7464375c0a9f8342d324c37
lean_module,09_LEAN_FORMALIZATION/D0/Cosmology/ConcreteEntropyArchiveFlow.lean,5170,86bcc15b28146c9cd97893b4b695aba38d34cdf2c4925f3712d26937ec9f7c0d
lean_module,09_LEAN_FORMALIZATION/D0/Cosmology/CoreShapePassportBoundary.lean,2222,b332e969a3b819e575ea957d055054f9e3cd761f7212d7e4c0e742c154c59e3e
lean_module,09_LEAN_FORMALIZATION/D0/Cosmology/EntropyArchiveFlow.lean,1255,91273c1b031d295510161fff1d115e9a00613daa8636da76e314afdc6bee918f
lean_module,09_LEAN_FORMALIZATION/D0/Cosmology/EntropyJacobianSign.lean,827,d3d68853c5a1fcc441e86d7e0ecd09c69b3b66df4c0d22668dd171b39c91c366
lean_module,09_LEAN_FORMALIZATION/D0/Cosmology/FloorMassProjection.lean,2595,feba67152d80781b2305715102a71e00b7bbe81ebcf8cf062a02f4c1b567db08
lean_module,09_LEAN_FORMALIZATION/D0/Cosmology/InstabilitySaturation.lean,1985,d2158e00d763a9f38729792d334429a7cf1af2ddc939abc6f343b86999875bfa
lean_module,09_LEAN_FORMALIZATION/D0/Cosmology/LinearizedEntropyFlow.lean,594,1bce9c3cbe7790ee966fb5133d738e661503a0dbdce8e60cbf8138e7e29c1f60
lean_module,09_LEAN_FORMALIZATION/D0/Cosmology/PhasonFlipEntropy.lean,3887,82576c225aded188fb8dc4cc3f480b97ddca511437f0c0357ffeada7ffcd82c0
lean_module,09_LEAN_FORMALIZATION/D0/Cosmology/ResearchPassCorollaries.lean,1442,6b73ac2222775968e909722694db8bd94605809031fda7adbd684da914453302
lean_module,09_LEAN_FORMALIZATION/D0/Cosmology/SurveyReproducibilitySplit.lean,4473,691786bdbd53fb298b3370dc8bb1b96084ab672857a6cbb31048a2723c72066c
lean_module,09_LEAN_FORMALIZATION/D0/Cosmology/TransientAcceleration.lean,3084,25082e266e25b1eb4b7f7400c754869de446ec955a813fc8784aa98db7804a27
lean_module,09_LEAN_FORMALIZATION/D0/Cosmology/ZeroMeanModes.lean,1644,17f5790844ebac6080ccd171c0ddc92dcb76ff558e87e4d8d1579976bf377a23
lean_module,09_LEAN_FORMALIZATION/D0/Defect/Basic.lean,571,c38c8d3aa4e82f2d6cdd86a54837ade71333c668cb9e1b181727976b8e851ca9
lean_module,09_LEAN_FORMALIZATION/D0/Defect/Pi0BranchDefect.lean,692,6caa49af8726d1071325dfd043def0e191ba9035520a435fcaf003933fbdb776
lean_module,09_LEAN_FORMALIZATION/D0/Defect/ProjectiveGeneration.lean,1157,f649c52cdc314c912a6cb22bc7fb6ec43779f08811f6cb3616698c175e1ac9f5
lean_module,09_LEAN_FORMALIZATION/D0/Delta.lean,126,984c0e8fb5abd8de3ec0e7dac3eff7ff4861f87ee6d692f0ede04530d42b3d10
lean_module,09_LEAN_FORMALIZATION/D0/Detector/WeakCouplingClassicalization.lean,1357,b21542725088745f784ef03e24519810cdea7e30071d4f7dd3f428d320038832
lean_module,09_LEAN_FORMALIZATION/D0/Dynamics/DarkSectorCoarseGrain.lean,1617,64d2b1dbb1fd366e62d854f301fd3e406da1e5a967bd6b2e0817474443d94fcd
lean_module,09_LEAN_FORMALIZATION/D0/Dynamics/GaloisConjugateBalance.lean,2096,8d16b5005f0451e8065a4fcec33a87f4525dd89d04e6e1a384d1d8ea4350b540
lean_module,09_LEAN_FORMALIZATION/D0/Dynamics/MasterEvolutionTheorem.lean,4531,b000028e7bcd985b557a97e527f187636be95d766830f88921eb18339885bdf8
lean_module,09_LEAN_FORMALIZATION/D0/Dynamics/ToralAutomorphism.lean,4160,c54784e5be5c24c2472fd3df3dbe37e3f7317e57a722ea22534639af693190cf
lean_module,09_LEAN_FORMALIZATION/D0/Dynamics/TraceHeatCapacityGravity.lean,3530,8a0b13179aeaa57c0c4154f45cba9ca9b18a67995c1395e499b38ecce02c2ae7
lean_module,09_LEAN_FORMALIZATION/D0/Dynamics/TraceHeatLucasCore.lean,1414,315f8fb1ee7bdac4fd0562753b335fdcc7802d6cb9ab76dedf9c54879239b31a
lean_module,09_LEAN_FORMALIZATION/D0/Dynamics.lean,244,94431d8c3b3dc8606197ec0f8ea3f3f76f0a3093583dc4aade3b18d54d86d7e4
lean_module,09_LEAN_FORMALIZATION/D0/Frozen/ConservedStressProjection.lean,6027,a54c353ee0182a50b081a3d94d6ee31702bdff86cadbf50e6e974af9c1845624
lean_module,09_LEAN_FORMALIZATION/D0/Frozen/SeamCurvaturePoisson.lean,5588,1a5a48a9ed68d3a6bfe2c9860c5cfd29e57554a3ecc197db981f3ec74afd834a
lean_module,09_LEAN_FORMALIZATION/D0/Gauge/AnomalySums.lean,708,b4880bcacd1eeb8567f2dfb2dbd288e587e04ccd40c53cb7be06448ac29c7b1d
lean_module,09_LEAN_FORMALIZATION/D0/Gauge/AnomalyTrace.lean,278,e8a8f38438a930559b89ad4201bcfebc50d193b9308f8eec34e3d3f0eed855a2
lean_module,09_LEAN_FORMALIZATION/D0/Gauge/BianchiResidual.lean,914,9f17e6dd9ca528e8ddd3a18e8297931d21b3305498c776ebdfd172922c0b2042
lean_module,09_LEAN_FORMALIZATION/D0/Gauge/FlatTensorNoGo.lean,1070,28901f5e35e8f391d908e7941e09b53d1f5b7ae167ec26a4de54dc6001acf107
lean_module,09_LEAN_FORMALIZATION/D0/Gauge/GradedBianchiIdentity.lean,1479,840a3e61aa8ad4680b8626d53d0ccfb898af28380e21ba1e280f7a7254ea06a2
lean_module,09_LEAN_FORMALIZATION/D0/Gauge/MatrixRepGaugeTransform.lean,3586,f236214d366bfacd541b98a05c78c39d498c2fb80673ff4000d0d74ef070edb5
lean_module,09_LEAN_FORMALIZATION/D0/Gauge/NonAbelianDiscreteCurvature.lean,2645,184f7d22ce036b2bbdf367ec1499d19bccaa4e83dd12315f52628cb1a6b5b90e
lean_module,09_LEAN_FORMALIZATION/D0/Gauge/SMActionTermEmergence.lean,2356,659204f3ac78607815119ed7463e83c856bc20393031fbec2a8cb96c8b603319
lean_module,09_LEAN_FORMALIZATION/D0/Gauge/SMCharges.lean,399,4a439ebbc7485833a2ff639626337ef25322e8c0839455a45392e8773c66ca4b
lean_module,09_LEAN_FORMALIZATION/D0/Gauge/SMGaugeDecomposition.lean,4875,cf99cb7b530717055363a44610ce1b8f2b66ce36f9c95c4f88164fac5471a427
lean_module,09_LEAN_FORMALIZATION/D0/Gauge/SMScalarActionCompletion.lean,2286,4e053350982b9660205c28fe584cc7d9ac22616ad783a743278d191af4e0045e
lean_module,09_LEAN_FORMALIZATION/D0/Gauge/WardFinite.lean,437,43bb23fc127cb475768bd836479291d28c4b716d7ac6ce5f7e21b3c56e4ebc3c
lean_module,09_LEAN_FORMALIZATION/D0/Gauge/WilsonLinkGaugeCovariance.lean,2302,0514e439028fd329322e0d821e543287b4f2f02651eba69fe1a2189f08832151
lean_module,09_LEAN_FORMALIZATION/D0/Gauge/YangMillsKillingPositivity.lean,866,133c7477660aac028bdbc217857ec534d843abad94adfd26df6d55d6db61c1c2
lean_module,09_LEAN_FORMALIZATION/D0/Geometry/ArchiveActionFunctional.lean,1167,3a8eb6af30723b1094a18fa3ba458e61171d244f87f27a738ab8ecbd8f14f103
lean_module,09_LEAN_FORMALIZATION/D0/Geometry/ArchiveBianchiIdentity.lean,3399,fb4959c95b1aed82d13d5428dbb42516a380fa95009b740e7d15c1df299e1e05
lean_module,09_LEAN_FORMALIZATION/D0/Geometry/ArchiveCanonicalDirichlet.lean,395,1311fb05b81e2131724f096428e177e9c61a97497b8dcec9843912faaaf7a9f6
lean_module,09_LEAN_FORMALIZATION/D0/Geometry/ArchiveCanonicalLaplacian.lean,7946,4aefdc0a4c547e22cb5ce0989d792bc8544ef471a1c08b2be91edc40c59d591e
lean_module,09_LEAN_FORMALIZATION/D0/Geometry/ArchiveCurvatureDensity.lean,1677,aa3202542181687fd7b66b192531631bda36bcac0b1701e20e9c2e816aa48258
lean_module,09_LEAN_FORMALIZATION/D0/Geometry/ArchiveCurvatureObstruction.lean,722,282bc0e1c837161856e4999f7200b1b059825620eb7510f79fccec6eaee75518
lean_module,09_LEAN_FORMALIZATION/D0/Geometry/ArchiveDirichletEnergy.lean,566,e69740921abb368d574743ebf938f780158bbdcf3c4d77fe5f00f4d2fc1cbf2a
lean_module,09_LEAN_FORMALIZATION/D0/Geometry/ArchiveFiberGraph.lean,1627,0a623ad64fd493dc19190230f97912b725b125b1014cbff3b35626336f2a46d3
lean_module,09_LEAN_FORMALIZATION/D0/Geometry/ArchiveFieldEquation.lean,1517,9bbb068e712ad0aebdc0c2c9e89f5ed1be99a0021e69e284ece817ab0b83ae2b
lean_module,09_LEAN_FORMALIZATION/D0/Geometry/ArchiveHeatTrace.lean,1811,f963d7d5a02ef42a1d15d160b1d6dbba201d2bc4a3e110b63c05cff702617ae2
lean_module,09_LEAN_FORMALIZATION/D0/Geometry/ArchiveLaplacianNaturality.lean,755,78e47a3118c3135fa7c3abcde997bd9160619d510bcbe2bab3a42572a76dfb3f
lean_module,09_LEAN_FORMALIZATION/D0/Geometry/ArchiveLaplacianPhaseNaturality.lean,1269,e49fb79f30c1f989645f2102348a05d2291d3b0ce837a843ef694c46e95f281e
lean_module,09_LEAN_FORMALIZATION/D0/Geometry/ArchiveLaplacianProperties.lean,2753,8373581b0645b6936a8320ab659a6adcf4f694d9bfa08ee38ec9616984aad794
lean_module,09_LEAN_FORMALIZATION/D0/Geometry/ArchiveLaplacianRG.lean,9530,591b39b7c7f618c08ada52713f8ce490d4e7973a8f54a0991523c2f04d260108
lean_module,09_LEAN_FORMALIZATION/D0/Geometry/ArchiveLocalQuadraticForm.lean,630,a8402dbf4aba55fd0a1b925a4e0f7d3b9da5a506270b8b38f6949c1e4194239d
lean_module,09_LEAN_FORMALIZATION/D0/Geometry/ArchiveLorentzCompatibility.lean,759,aada24d9b077a3d75340fc053180990e2d90f6f06d6c5424802767fe33edf877
lean_module,09_LEAN_FORMALIZATION/D0/Geometry/ArchiveModeExponent.lean,1166,fb760656ca2b3ca785a44cb5a80729e0f856221696dd40b7dca8c85d8ff8f95c
lean_module,09_LEAN_FORMALIZATION/D0/Geometry/ArchivePhaseCurvatureObstruction.lean,3125,51e2012343869e55af9244adffb4f0da06e27db9c1a474f5b095ed7732d1684e
lean_module,09_LEAN_FORMALIZATION/D0/Geometry/ArchivePhaseDistance.lean,2956,765ac251492ab51cca109ccf34d758fb3ebc3fbe86bdb1a790f5a827342c3707
lean_module,09_LEAN_FORMALIZATION/D0/Geometry/ArchivePhaseShift.lean,2488,8c70bb8d328e2914ae8085d6fbefd19b3e234170f5e9dbe1be2338163af9c45c
lean_module,09_LEAN_FORMALIZATION/D0/Geometry/ArchivePoissonEquation.lean,6360,d44eb90c140a4a62fe888589f44bd06d58d03c1757cc0c0eea54006b27bfffa3
lean_module,09_LEAN_FORMALIZATION/D0/Geometry/ArchiveRefinementTower.lean,5143,35b0686fc58b457df1a376f72af2f6a5b54db0d70854fd6f8d17852b47bb0d24
lean_module,09_LEAN_FORMALIZATION/D0/Geometry/ArchiveResolventCompactness.lean,1502,ab0840965c5f0b951ae4a7d70fee6a7808981268c0b1e0c1b2614ff607214771
lean_module,09_LEAN_FORMALIZATION/D0/Geometry/ArchiveSeamCurvature.lean,1533,a86bd7c015d8d87cf1125a6287b9937343cf8cbb51d11211c7e2752672e204e8
lean_module,09_LEAN_FORMALIZATION/D0/Geometry/ArchiveSeamRank.lean,335,ff57ac6f5b890cae1522dde397a86bca40e434b24359942e537f70a36ffe7303
lean_module,09_LEAN_FORMALIZATION/D0/Geometry/ArchiveSpectralCounting.lean,875,5043c9354b086ed556053c998dfceef84ea9f5be9279e5c61d809f4569ab9d2a
lean_module,09_LEAN_FORMALIZATION/D0/Geometry/ArchiveStressRepresentative.lean,2309,b77ec6ee1bb59c23ed2375e757a46d0db08819a547712791811ca23421c03ccf
lean_module,09_LEAN_FORMALIZATION/D0/Geometry/ArchiveTickGaugeFixing.lean,449,5de292e3fe828bfd57c3eacf2ccc8e4abbc835daa1998f16ec25a333b33bbf68
lean_module,09_LEAN_FORMALIZATION/D0/Geometry/ArchiveVariation.lean,3508,58224658cc1d53e4fc21403633f708ed47838ce1a1c5b911bf3149445dbfc4c8
lean_module,09_LEAN_FORMALIZATION/D0/Geometry/ArchiveVariationDual.lean,1748,75d08b8daabd932e525a1c58b3a40764a4ae9a6d99ce2679d4dbb6528df155ad
lean_module,09_LEAN_FORMALIZATION/D0/Geometry/ArchiveVariationSpace.lean,1046,9eff3d2b75622353950afaac548458d467abf6379d3c54bf4c2d1732a22e36ea
lean_module,09_LEAN_FORMALIZATION/D0/Geometry/ArchiveWeakField.lean,590,8c5f6f9630e4eed7672bde72d1b61d509120c081395a372432703fc4a7a479fc
lean_module,09_LEAN_FORMALIZATION/D0/Geometry/ArchiveWeakFieldReduction.lean,647,08ff94242be5686ef7d98456cf99238712d6649abe5376a52492a1805286305e
lean_module,09_LEAN_FORMALIZATION/D0/Geometry/ArchiveWeightedGraph.lean,1819,a25daa836eacf57042dd96793da6447098fc85895d464b10f0f1804d2249081d
lean_module,09_LEAN_FORMALIZATION/D0/Geometry/ConformalLaplacianTrace.lean,2496,3030b73c15449a76d8dc89e0e1bad95e3c5bb950b7c20135396dbbef0fdb5ba6
lean_module,09_LEAN_FORMALIZATION/D0/Geometry/CovarianceTower.lean,693,52a6c048902fad064381e8b0097f4490430412a813808e8eaaee2d8b10e10cb8
lean_module,09_LEAN_FORMALIZATION/D0/Geometry/EdgeMetricEquation.lean,3486,49afa6e10bd43c2c49dc82ad75b40a6702656b97aa2105081b90708436e0fe46
lean_module,09_LEAN_FORMALIZATION/D0/Geometry/EdgeStiffnessOrigin.lean,3399,866993735667be99838589c420380ebf037bcc202931a051d8aec2b4cf6d9a45
lean_module,09_LEAN_FORMALIZATION/D0/Geometry/EinsteinReduction.lean,432,a7c8b7703e2109e57d3879c4c1f6abfc249ed4908b4ed11e4f4f7ec0177d9b0f
lean_module,09_LEAN_FORMALIZATION/D0/Geometry/ExternalAnalyticTheoremInterface.lean,2022,7fcba19c0b04e73478941775c8926d8779cf0adcec98f2896fc57d529f83beeb
lean_module,09_LEAN_FORMALIZATION/D0/Geometry/FiniteSpin2.lean,4777,ca49d4eb8cb160baaa296054df69e2de56f7e340b8ef5dcd84f93f3a71b4705b
lean_module,09_LEAN_FORMALIZATION/D0/Geometry/FiniteSpin2DOF.lean,2440,8b3dca81677733088edb9ea339a131d6a1b5a8f1f579fb4b27abf1a5d6cae202
lean_module,09_LEAN_FORMALIZATION/D0/Geometry/FiniteSpin2Dynamics.lean,2383,e5f586099ada938298d15af34ebd0493f1d57fc4c9188ce9c53589b185952eec
lean_module,09_LEAN_FORMALIZATION/D0/Geometry/FiniteSpin2WaveOperator.lean,12125,0ff3a3fd068f195d2255ba75dd432163321d0dbdb50a8ca9e4f42221e3342cea
lean_module,09_LEAN_FORMALIZATION/D0/Geometry/HeatTraceA2Decomposition.lean,2177,0e0a5b5241d3955d8e23515f006ab89f2270f81a6ee56e4a6aee203a8abb1e74
lean_module,09_LEAN_FORMALIZATION/D0/Geometry/HeatTraceConditions.lean,401,894927b955b91b6cbc68a3e715d8311327c95521fe9e5ac63e3fc1a34307373e
lean_module,09_LEAN_FORMALIZATION/D0/Geometry/HeatTraceEHProxy.lean,5253,dafa6b61a736ad40a5abadaf4e18aea0167a3569534b64def12af9f15b7d8c9e
lean_module,09_LEAN_FORMALIZATION/D0/Geometry/HigherCurvatureCutoff.lean,1342,301de69dd913f4ac6f22602359524868cf572076e0cc0fc60d8c9c1cd5d44bd9
lean_module,09_LEAN_FORMALIZATION/D0/Geometry/HigherCurvatureSuppression.lean,3520,3dca2b0251c038d126712a66c0976dce60c988d275412fac4324e48b30f4444e
lean_module,09_LEAN_FORMALIZATION/D0/Geometry/HurwitzRigidPhaseGenerator.lean,2790,d9da18556b7cdf2ff3932570468b54ee0411945954c40a4f442d51f8caf8f6df
lean_module,09_LEAN_FORMALIZATION/D0/Geometry/InfiniteSpectralTower.lean,1211,e1ac7d92b90cbe1fe61f1646a0304f015a95b5e16a1fdaa788171b5c3714c630
lean_module,09_LEAN_FORMALIZATION/D0/Geometry/NonCommutativeSolenoid.lean,333,cee68cd1fa5973383e463271632d60808785e966962c099e17266a8afc5bffcc
lean_module,09_LEAN_FORMALIZATION/D0/Geometry/NonCommutativeSolenoidGravity.lean,730,a484955421f0e0398b741c267a6c3df39a35f3ba8bbdb3ae61a2f51e6eb81dd1
lean_module,09_LEAN_FORMALIZATION/D0/Geometry/PhaseReturnBranchCount.lean,1440,ab6ad08afd119d09dc0099d90cf8955937cc0fda5386cbcf2d48c844bf308e77
lean_module,09_LEAN_FORMALIZATION/D0/Geometry/PhaseUnfoldingQuasicrystal.lean,2855,770e6e8eb4ea1de5b06dce1f77654987752faf2249942ebe0c9d7d7d71b7568a
lean_module,09_LEAN_FORMALIZATION/D0/Geometry/SpectralActionAdmissibility.lean,1977,57cda748456e9eaf0499e2a83047cdb1cf8969eb669cdff532f5b0aab99d49c0
lean_module,09_LEAN_FORMALIZATION/D0/Geometry/SpectralActionLadder.lean,6822,855b4d79f99008aebd8bc64a06652cf1f1f5e04fc5df0d16333d409a27a4864a
lean_module,09_LEAN_FORMALIZATION/D0/Geometry/SpectralActionSkeleton.lean,524,0c01316633fa2d894e446913880054b6794b679ebd51f7dc1a31747ce178a98f
lean_module,09_LEAN_FORMALIZATION/D0/Geometry/SpectralTower.lean,808,d5ea904850cf581d8e7258599e10456746645dfcd109c79d4ec233aaaf2ca95b
lean_module,09_LEAN_FORMALIZATION/D0/Geometry/TorusCore13GeometryOrigin.lean,3764,0547795cce515122ac12ff6e079c187daaf59ed038542e52d891afdccae70316
lean_module,09_LEAN_FORMALIZATION/D0/Gravity/BoundaryRelaxationSpectrum.lean,1292,c61e21848759b7426ca29218bc24c71d5069c840c436aa276aa18600d430ca64
lean_module,09_LEAN_FORMALIZATION/D0/Gravity/EntropicArchiveInterface.lean,4750,e2269f689b49123d23688fb357471793fc5c1fdd9ee8342cf29d83ad55d3d316
lean_module,09_LEAN_FORMALIZATION/D0/Gravity/MacroEinsteinInterface.lean,5909,89d2f34b30ba1d3579bdec47ded8187834ae2f27cd6203c810000c42ed50b371
lean_module,09_LEAN_FORMALIZATION/D0/Gravity.lean,129,04db098a8f19de3049f44f6b605444abe4988fb914623d196cdb0dce3f3fac97
lean_module,09_LEAN_FORMALIZATION/D0/Interface/ArchiveLaplacian.lean,45,e484b90917e9a1bc08282f1685688782706688b793505b72e4a8ee7948618f0c
lean_module,09_LEAN_FORMALIZATION/D0/Interface/Bianchi.lean,42,93ae3d5cd0ca8f503f53448fecc74c46e59e8682f00fea3f92e2cb9b76746e00
lean_module,09_LEAN_FORMALIZATION/D0/Interface/MatterAnomaly.lean,78,ad414800b4bfc73fc4ed8d557e0a164d550c9ee1d5693ac03a7fb7b8b265e398
lean_module,09_LEAN_FORMALIZATION/D0/Interface/MatterLocalization.lean,1564,f2dec639c8f1a3c3ff5a2eee15f099242687a9478ee909d65d20dee2f3089dd8
lean_module,09_LEAN_FORMALIZATION/D0/Interface/Poisson.lean,116,13bab4b67de7e2e9579dff3a3a39c0627fbb569d10bc3553434295e91ab4f063
lean_module,09_LEAN_FORMALIZATION/D0/Interface/ScalarPoissonReduction.lean,4975,3d50f2b810081804852914c3cf76f4ca8eabbe8cd61bdc1149114d5da7839b17
lean_module,09_LEAN_FORMALIZATION/D0/Interface/VariationDual.lean,172,b9f3a0a6a05456f50b9debff8aeb2d66a247aa57dcba5d123f8a3578f2a47e51
lean_module,09_LEAN_FORMALIZATION/D0/Matter/ArchivePartialTrace.lean,11310,a1525712bfb8eebfd56aa894c0a39d6235bbaee5f8fac973e9b4e64ca59b9ca2
lean_module,09_LEAN_FORMALIZATION/D0/Matter/ArchiveStressCoupling.lean,1756,850b71489de8b9ef6383fd51b6f1f59b06badf61bc2f3d540139da0c9c31316c
lean_module,09_LEAN_FORMALIZATION/D0/Matter/BaryonMultipletBoundary.lean,1990,22e6707811fafe40da34016293354ca3b2425a0d10bcf15db41adfc1a6cfcc87
lean_module,09_LEAN_FORMALIZATION/D0/Matter/BaryonS3Symmetrizer.lean,4374,2010ba31574c867f827857e106a9687fb6bb785bf0dd5bed8d6cb348dd2461f1
lean_module,09_LEAN_FORMALIZATION/D0/Matter/Book04CenteredSupportSelectors.lean,4330,dc4d72e481fb9e7f7ccb521b51aedae5cce7b754ecec4487754e0be813938f05
lean_module,09_LEAN_FORMALIZATION/D0/Matter/Book04CoefficientOrigin.lean,6704,33b467ec1171f075627be7df19f4a565a3cf327d5921f2748fabcef42a6d6a5c
lean_module,09_LEAN_FORMALIZATION/D0/Matter/Book04CombinatorialSelectorOrigins.lean,7209,9a0df85403767217fd577364a52ee18c70bbeea863569779815ba4e9123df2e1
lean_module,09_LEAN_FORMALIZATION/D0/Matter/Book04ConcreteSelectors.lean,9241,d8b352c34ee30144b4c30a95c868aac4b7a0aab06847d3c8ceb98a3cb0cab6d7
lean_module,09_LEAN_FORMALIZATION/D0/Matter/Book04FullSupportSelectors.lean,6279,f801123d6b73ec090669453c3005838fcf8a813b91cd6fb5c7c2d0a517b19869
lean_module,09_LEAN_FORMALIZATION/D0/Matter/Book04OperatorBoundary.lean,4976,3924f066ad05f5ee55e62c098a23b59c336df0b7c414e1e8698eceed6c4c749e
lean_module,09_LEAN_FORMALIZATION/D0/Matter/Book04Selectors.lean,1974,16f7332cc63a47543ad3ce115cf7c9347c11a820ccfb56ccca220ddd41806df4
lean_module,09_LEAN_FORMALIZATION/D0/Matter/ChargedLeptonMassTransfer.lean,3355,184f9d77f6df044a8a8fd4cb7e00a71a76dd6d1f5d636173da41a7e0e8621df2
lean_module,09_LEAN_FORMALIZATION/D0/Matter/ChargedLeptonTransferCertificate.lean,2920,c4af5fdd22c8f5dbb7aa6cc1a71ea4934b280f2333f6cc5996a0def7fa51e873
lean_module,09_LEAN_FORMALIZATION/D0/Matter/CKMBasisMismatch.lean,3427,37a456f3ceabc752c2ea809919502efef06a87260dc9579e58b27bbaaa4a3f57
lean_module,09_LEAN_FORMALIZATION/D0/Matter/CKMBasisOrigin.lean,10385,533b57689995dcf110ef0c82db72ff78576d010ec7a1f1cd988996fe95537830
lean_module,09_LEAN_FORMALIZATION/D0/Matter/CKMExactMatrixCertificate.lean,1122,e7d1129c0364bc0334daa7f6673df2c6fae0beb09955a835be4202b6c6c95aa2
lean_module,09_LEAN_FORMALIZATION/D0/Matter/CKMExactTransfer.lean,1987,a35b2c5234cd46d3132f7c0fe3dad2435856a03ea0f60a91d98de9272df8a38c
lean_module,09_LEAN_FORMALIZATION/D0/Matter/CKMNontrivialFlavourAlgebra.lean,4301,44e79d9565b4e611bc9e94eef5d393362eb5f4fbd7262915feacfed38ace8230
lean_module,09_LEAN_FORMALIZATION/D0/Matter/CKMPhasonHolonomy.lean,6938,220d9d4127ca5f6fe83627dd9cc165ac399a73f57c9a82433b598bd25d3a990f
lean_module,09_LEAN_FORMALIZATION/D0/Matter/CouplingOrthogonalDecomposition.lean,680,7ac469b47c76156bdd1f443e7019b803bb25f412d197a59b32f5cc8a540116ba
lean_module,09_LEAN_FORMALIZATION/D0/Matter/EdgeStressCoupling.lean,1773,29dc4168d802c24028564c5195881635d70884fe5917d5b385965d9841dff930
lean_module,09_LEAN_FORMALIZATION/D0/Matter/FiniteSelector.lean,4752,36376218a1c49a176b7427a2584b421109ffcaacea1707f44be92bcfa0c3d1a2
lean_module,09_LEAN_FORMALIZATION/D0/Matter/GaugeCurvatureOrigin.lean,1584,d3d8b91f3dff011e460f150b2e9cf4548b45916c3cfe5f4140fc0ebc20163c59
lean_module,09_LEAN_FORMALIZATION/D0/Matter/GeneratedMatterSource.lean,797,ad14ea46ccaab26129597fe07910ae940e1b9ae494268c29352c21e0b6441439
lean_module,09_LEAN_FORMALIZATION/D0/Matter/GenerationAnomalyPreservation.lean,1352,3090690e98791be7a193df15efa15a2035d0c81d2d22490fb3badc9b234023da
lean_module,09_LEAN_FORMALIZATION/D0/Matter/GenerationMultiplicity.lean,935,3402dda5d8162c7be9a60bfcae503deed4b8f760396f9c7fb6833863a7449d64
lean_module,09_LEAN_FORMALIZATION/D0/Matter/GenerationOverlapResponseOrigin.lean,4980,56c04ae192d98b4486948ccd987d76535a1bffec0e6b34d2ca4eb8edcc2a33d8
lean_module,09_LEAN_FORMALIZATION/D0/Matter/GenerationSelectorOrigin.lean,4121,f8c7c13642c309d7331db098e2f0aad53fd4f09c29284cdee7ec633064702fca
lean_module,09_LEAN_FORMALIZATION/D0/Matter/HiggsScalarProjectorConstructive.lean,18569,c28ae3ba8466780ad116b3013f99dd17454db81a116458b132d2f13582abca18
lean_module,09_LEAN_FORMALIZATION/D0/Matter/HiggsScalarProjectorDecision.lean,1475,1205b398296a1ea1c5ac9ab034ceb51232c803f2274e9063260392e2cc8f8521
lean_module,09_LEAN_FORMALIZATION/D0/Matter/HiggsScalarProjectorPositive.lean,2069,74e324230eebefa6550151965391cfc80307ce40276b912e5dec2728211929f0
lean_module,09_LEAN_FORMALIZATION/D0/Matter/KTheoryGapLabeling.lean,1405,0b652ba6351439ffc678bc6510967e866a5c74c2ce41da4150dee2d59203927a
lean_module,09_LEAN_FORMALIZATION/D0/Matter/LocalTraceSource.lean,1239,83c6aa5f2b029eac749ff3d1375268627f19a888dc51d0ba85a27943a1d06766
lean_module,09_LEAN_FORMALIZATION/D0/Matter/MesonDefectTransferAlgebra.lean,5261,491a91ce07c4d10c3f0d1b0c7bd483f7a1dd8aef3eeda9bf297d665021ebb6b9
lean_module,09_LEAN_FORMALIZATION/D0/Matter/MesonDefectTransferOrigin.lean,5099,d42a7930a7f4cbe34f14d7c5efbeb783ab59a177b25a2e144ab98be4d74483c2
lean_module,09_LEAN_FORMALIZATION/D0/Matter/MesonPhasonDomainWalls.lean,4016,ace2dfb2ecbe4f8fb7d0224f9542cac312abd7f9c7f8078657462b08f2a97f2c
lean_module,09_LEAN_FORMALIZATION/D0/Matter/NeutrinoPhasonWaves.lean,3267,47a9f4d98505af0afb2161a59a1b51a88b378ba88fd4a305a9fff05f6d2e1ab7
lean_module,09_LEAN_FORMALIZATION/D0/Matter/NuclearShellContactSRC.lean,3890,74a13cf051387fc6a949b1d8016cbbf47c429b0d3017b89f7b49859e82863807
lean_module,09_LEAN_FORMALIZATION/D0/Matter/PhasonStrainGenerations.lean,5413,ad419e80e98a8b554f5dab16b099ca2de4d0b851bcc65f2c8920ddf232489627
lean_module,09_LEAN_FORMALIZATION/D0/Matter/RepresentationCarrier.lean,469,f70503352c4096829f129953f96bdf4c4dbc061d84af2ff93c000a07b35cafcf
lean_module,09_LEAN_FORMALIZATION/D0/Matter/TraceDecompositionSigns.lean,5260,b5294add13ff1610ae5ebf1cd06c09b2ac13793118a7eef17bd3ec801c1ae289
lean_module,09_LEAN_FORMALIZATION/D0/Matter/VectorCurrentCoupling.lean,1776,dbe3a12813d72b9e5e3cd6a2a0f9bd190002b3d8edae058e707510d17b85eb56
lean_module,09_LEAN_FORMALIZATION/D0/Matter/VectorFieldEquation.lean,1943,cd7331e964a14d850f23ae0c2cb8582125a6391762b02779cf03d03f8938f153
lean_module,09_LEAN_FORMALIZATION/D0/Matter/VectorOperatorOrigin.lean,2249,33cd9429ecc3c08e95d86c6884ba9cf68dc938f7521c58ac3e1ac15346410842
lean_module,09_LEAN_FORMALIZATION/D0/NoGo/StressTestSuite.lean,4110,b4a3ec6cac5e71f064017747abe5198289938ec609220b947f6b9740bba82a9f
lean_project,09_LEAN_FORMALIZATION/D0/NumberTheory/EXTERNAL_BACKGROUND_HURWITZ_MINIMAX.md,2698,418abc256a76e054b7ebd820e1beb0cf44f87083975bbe6b2f6fb3bf9e8fdc04
lean_module,09_LEAN_FORMALIZATION/D0/NumberTheory/HurwitzMinimaxPhi.lean,5279,18c6ae53af26bcd530e27951500a88452ce53cb172603b10ea58aa4923eea792
lean_module,09_LEAN_FORMALIZATION/D0/NumberTheory/HurwitzPhi.lean,372,ac84f6ff7c523a0e0dcc243cbd1563939d5cf4df11aeeaf78cc392cf686d211b
lean_module,09_LEAN_FORMALIZATION/D0/NumberTheory/PhiAdmissibility.lean,396,5f6eb733fcb0a74de3ced76646d3a3fdcab713268e6d0ad578d07bcba1f317b8
lean_module,09_LEAN_FORMALIZATION/D0/NumberTheory/PhiContinuedFraction.lean,644,49dfe8077cb6deace2bae435dd6b608b8ae5e66da3c8ccbb8b1a9112d2d7ffc5
lean_module,09_LEAN_FORMALIZATION/D0/Passport/IceCubePhasonDecoherence.lean,2341,3dd89583825216e0cc22922963acc833533d5dccc1cf7b6e47439931110216a4
lean_module,09_LEAN_FORMALIZATION/D0/Passport.lean,44,86c0998f108b2fb3ee7987910344dd199b9bca57b06a2433aec224a9b9a862e4
lean_module,09_LEAN_FORMALIZATION/D0/Phase.lean,738,dd710cf7f37874ac5f06a1a57ca19fa2d9544de6e1bfcf35fed7806ea2b56559
lean_module,09_LEAN_FORMALIZATION/D0/Phi.lean,503,16e138852e240fbf280adad29bac5c5197bd917a773889387b7768ed73a9b312
lean_module,09_LEAN_FORMALIZATION/D0/Physics/ArchivePhasonDarkMatter.lean,1333,abe8d96daf77f60d21a524140f6c50baddd2e42d30b9ec55030d938fcf0b640d
lean_module,09_LEAN_FORMALIZATION/D0/Physics/GaloisLorentzSignature.lean,2156,86a94aac792e050441a78a50133f171de201a17650b6d4ea9febe2eaca18ee7c
lean_module,09_LEAN_FORMALIZATION/D0/Physics/PhasonFlipInertia.lean,1318,1a8b0c0158f3aa5b5a2987da2947b62f84d6b2b0423e8506f9aa445f773e1c57
lean_module,09_LEAN_FORMALIZATION/D0/Physics/QuasicrystalPhenomenology.lean,4278,3bd3397c7c95b6e0c5323cb16b05f65a1bbc23ef6f5a615fbb99d56081185250
lean_module,09_LEAN_FORMALIZATION/D0/Physics/QuasiGenerationsInflation.lean,2043,fd220600c996c3c69d39a77f7a4cf4b7a6257f1da66b62e8fc7cabb2e32b8e17
lean_module,09_LEAN_FORMALIZATION/D0/Physics/WindowFractionalCharge.lean,2108,b7a420edc95653a347ccec6be057ca42fe6b21e8fca06174ebeaf9f1072aa572
lean_module,09_LEAN_FORMALIZATION/D0/Physics/WindowOffsetChirality.lean,2130,11ffca251816a79c78bc7e78cd0166c9c93a2aef15c88612685d048261883507
lean_module,09_LEAN_FORMALIZATION/D0/Probability/ArchiveClassicalGaussianChannel.lean,1345,7247ded5878fae4ac454ce5c4f9fe955a2df177fd45341f7b3555fde111caa96
lean_module,09_LEAN_FORMALIZATION/D0/Probability/ArchiveFloorWaterFilling.lean,1732,a2d9520515dca31123449d956d850272dca067c1de6f0574c5cbba5af0685d3b
lean_module,09_LEAN_FORMALIZATION/D0/Probability/EntropyCouplingKernel.lean,1266,c26044e02c799cb76709f8c8e4765a4ee65c6ff9b15e8b69ed2048281052ec96
lean_module,09_LEAN_FORMALIZATION/D0/Probability/EntropyFlowJacobian.lean,1118,372f97a01ac30f585d559fc1b8f493976b89c3b6dcd4e2e4f778d687d9990f51
lean_module,09_LEAN_FORMALIZATION/D0/Probability/FiniteArchiveMeasure.lean,1985,2c9772b66ef8a2e800677f3cf5fde84b8c35653374435cecefa935a88ae50b8b
lean_module,09_LEAN_FORMALIZATION/D0/Probability/HSTExternalInterface.lean,1957,3748bc24cccc2999727601e782811363d55ae8b4454db6e11c8f2ce253f336cd
lean_module,09_LEAN_FORMALIZATION/D0/Probability/SubgaussianArchive.lean,3917,2d0b062c934b8fb7e942a822df403102e9c8a3107139dc64f239f53ec7ab7109
lean_module,09_LEAN_FORMALIZATION/D0/Response.lean,571,611c1915dd05a0c1d0bf9cb01b0c8f25b25dce337af637365505e4f1f72cde79
lean_module,09_LEAN_FORMALIZATION/D0/RG/OneLoopStructure.lean,530,f35f7e38aae7bb2959928a7a0a2685bb54a00f83030e1abfc695ecb36efd622b
lean_module,09_LEAN_FORMALIZATION/D0/RG/PhiDifference.lean,705,7dc30711327682f59b5a29917541c6f2fc26a2df44dafd279bf2f14f0370ae60
lean_module,09_LEAN_FORMALIZATION/D0/Spectrum/BranchDefectProjectiveControls.lean,566,a24ada424d591fc7d00ead79d3664104f916a68141b7f88c62a0fc28ac17f7e9
lean_module,09_LEAN_FORMALIZATION/D0/Spectrum/BranchDefectProjectiveGeneration.lean,1747,31c58f349fc4c239111718f7bb198634d1079df5ec5a2cb400cbbfd351323360
lean_module,09_LEAN_FORMALIZATION/D0/Spectrum/GenerationRays.lean,336,25af6c934bb1cf5b80ef9cf44dc8e07ef2c66588e07bbe4cbc9534ba768f441d
lean_module,09_LEAN_FORMALIZATION/D0/Spectrum/GenerationSpectralRays.lean,1801,853c3e054755a9b14858b32896ccc63a37d811b80b9312b1497229f80fca18df
lean_module,09_LEAN_FORMALIZATION/D0/Spectrum/GenerationTensorExactness.lean,8854,cc29407ca8d1f2901c2e7f7c1a0938ad4deddf000f59d6a1b912ab215156427c
lean_project,09_LEAN_FORMALIZATION/D0/Spectrum/NO_GO_GENERATION_RAYS_UNDEFINED.md,914,ba10d081a42b7cd0fe2b7c96e1ba91d21a5ebafd1a4b3530ba02335d590271aa
lean_project,09_LEAN_FORMALIZATION/D0/Spectrum/NO_GO_PI0_BRANCH_DEFECT_GENERATION.md,555,d7672dfbe1ceeba3ece72da3b8586d2c8f7bfc2a5c17e10513a46792b518976d
lean_module,09_LEAN_FORMALIZATION/D0/Spectrum/Pi0BranchDefectControls.lean,481,40c48416b364e4df3b6b5d278a9d1bc6020381dc265c143580813f07e4b1b904
lean_module,09_LEAN_FORMALIZATION/D0/Spectrum/Pi0BranchDefectGeneration.lean,853,8ad406aee9884a98a48d8117892d6aa78618544bec4bbef14cbc550e2aa722b8
lean_module,09_LEAN_FORMALIZATION/D0/TheoremLedger/ActiveClosureIndex.lean,154,a3a0ac139fd63b54c3bb864c63d3c13676641cc5b2307c94ce2893cc233b860c
lean_module,09_LEAN_FORMALIZATION/D0/TheoremLedger/ClaimMap.lean,21569,8884ecea15a03555aa6d42230c006e43c99581134a2ab8a270585d1915c94fad
lean_module,09_LEAN_FORMALIZATION/D0/TheoremLedger/HardClosureTheoremIndex.lean,39708,87540d3dc56a238ac012640af9a2fd39870eb3485afd8617c34227406c02a9ee
lean_module,09_LEAN_FORMALIZATION/D0/TheoremLedger/ReleaseStatus.lean,573,f63c43ff741c6b0e3ccab139a80ff2752b6a79a05394a8905d08f56fe964df67
lean_module,09_LEAN_FORMALIZATION/D0/Topology/ArchiveShiftTopology.lean,2582,7e4071268c1616fec4ed10ff381963a310da05c78b1484ec505a4aa107098bf3
lean_module,09_LEAN_FORMALIZATION/D0/Topology/BoundaryBoundary.lean,173,c2ad42e5cdb4177a1fa78a2d6fd1a4ba87b305f365bcbba3d1cd44b33630a8e5
lean_module,09_LEAN_FORMALIZATION/D0/Topology/GradedIncidenceComplex.lean,2765,959e38f191ff40ff895ad93f0fc650d9db7a3f473a631751386acba131f1d813
lean_module,09_LEAN_FORMALIZATION/D0/Topology/NoThreeSimplices.lean,164,5537181e0a471e2dab2293b3bac7ec64409f96f60fd579a09734d2594a86a224
lean_module,09_LEAN_FORMALIZATION/D0/Topology/SimplicialIncidence.lean,195,dffd069d38d0f5b2384961c6b32efed29fb1e0798f6e5af29a6c8da639e66901
lean_module,09_LEAN_FORMALIZATION/D0/Topology/TilingHull.lean,1455,14114df65563129bad204e6400aace0204b0b01dd2f90c66654a1482b7770052
lean_module,09_LEAN_FORMALIZATION/D0/Topology/TripartiteComplex.lean,189,6f325fc5b590f52c3932f12400783a4c996b005720fd6c477b264a883e7579ba
lean_module,09_LEAN_FORMALIZATION/D0/Traceability/StatusTaxonomy.lean,668,c0af1d6f24c7078a062fa17718ca542e1fff646a2252411bf599862efc318d02
lean_project,09_LEAN_FORMALIZATION/D0.lean,14,9c182fe98381637dd75b29ff04e22688c793f3d677b2e84fa5d3cb38dfd33d7e
lean_doc,09_LEAN_FORMALIZATION/docs/CLAIM_TO_LEAN_MAP.csv,48450,141097f030e0144287d528f1c97fa50e4a5c1ebdeb8ac7ed2f412fb88238a475
lean_doc,09_LEAN_FORMALIZATION/docs/HARD_CLOSURE_TARGETS.csv,63591,72784b872e2fd501d2a70c1446de6839d9b287f0415428131308486fd40ee8c5
lean_doc,09_LEAN_FORMALIZATION/docs/LEAN_ASSUMPTION_LEDGER.csv,2629,5851bbe4299d6a1b585cd941a8cc29a153cf0ccf61e5fed94354a34c63253411
lean_doc,09_LEAN_FORMALIZATION/docs/LEAN_CORE_THEOREM_INDEX.md,44416,75b44f2308ca657072ac448ad609ce60e8c5be555e15aae50b24a42a780e04c7
lean_doc,09_LEAN_FORMALIZATION/docs/LEAN_FAST_CHECK_STRATEGY.md,3101,adc15f936bcf05f8d3ac122dc4d9fd25d35983b6bf125e77a65540a5d2774e51
lean_project,09_LEAN_FORMALIZATION/lake-manifest.json,3201,9c36d5749eaad0b0ee13202478a555bd53a23461d4cdbc48d3dadbce08aa8738
lean_project,09_LEAN_FORMALIZATION/lakefile.lean,574,bd87963f5a3ffa77d980f53b699e95275a926d453dca4984d1c42e74125f144b
lean_project,09_LEAN_FORMALIZATION/lean-toolchain,25,54727eec5cba149c18842e6deb5c41b369d66455c93ce135d7d5347c782b2325
lean_project,09_LEAN_FORMALIZATION/README.md,2401,e9365d5fc485ce9171cf43acc839d36ff69f1a51c7ee39aabc542b2cc0c479cd
lean_project,09_LEAN_FORMALIZATION/tools/check_claim_map_coverage.py,2894,f9c41145c7e207cca98e73c2c2230197e4ba86b9eb0e59bc38c4b05ae4dc9d98
lean_project,09_LEAN_FORMALIZATION/tools/check_no_sorry_in_core.py,4591,bca705464ccc0c99d2639570a73c2895f35dc1bfc0c68b2d279401943276ae26
project_root,99_PRESERVED_SOURCE/BOOK_05_v13_RAW_PRESERVED.md,46447,668b192b5ebf37f4808a7d3d8ee917a4f933c0d62eee88de330fe45a3129a15f
project_root,99_PRESERVED_SOURCE/BOOK_05_v13_RAW_PRESERVED.md.sha256,95,78d5738ef22b10fb7c9220c02db4b32719c98a908700710c901c3a844e88f653
project_root,99_PRESERVED_SOURCE/D0_MAIN_GOLDEN_PASS30/.github/workflows/certs.yml,956,852d479666acf04f6655c29911142e0be1d89f3c6930fb8fd06c6f8d66ad46f3
project_root,99_PRESERVED_SOURCE/D0_MAIN_GOLDEN_PASS30/books/BOOK_I_ARCHITECTURE_GOLDEN_PASS30.txt,98158,87bf55debc4296b0574db1d0045156b350f2dd1e17fcc01d3e3ad5bb9a980fe9
project_root,99_PRESERVED_SOURCE/D0_MAIN_GOLDEN_PASS30/books/BOOK_II_MECHANISM_GOLDEN_PASS30.txt,112505,42224fdbfb6e474e2025d38da45d01bf1c9e17132c182e82d8875868df62c9b0
project_root,99_PRESERVED_SOURCE/D0_MAIN_GOLDEN_PASS30/books/BOOK_III_SPECTRUM_GOLDEN_PASS30.txt,85144,03f648854e4e295dc33c5cf8a77e87fcad8e6bb6d68322511df68461cb357ebe
project_root,99_PRESERVED_SOURCE/D0_MAIN_GOLDEN_PASS30/books/BOOK_IV_VERIFICATION_GOLDEN_PASS30.txt,69423,37ed51c0bd84d6c97f9d5701b57e813bac1031f07e3c094dd6db2011cdd42402
project_root,99_PRESERVED_SOURCE/D0_MAIN_GOLDEN_PASS30/books/BOOK_V_MATHEMATICS_GOLDEN_PASS30.txt,80923,afbbd35c60b6be48e623a28dca72c0ebed455cfee263872f80ac028ca0cad8f6
project_root,99_PRESERVED_SOURCE/D0_MAIN_GOLDEN_PASS30/books/BOOK_VI_EXTENSIONS_GOLDEN_PASS30_FULL_v3.txt,56563,2b92db3fc37672a0a8517c180014b6adc94d0a261e6e8741115364279b983baa
project_root,99_PRESERVED_SOURCE/D0_MAIN_GOLDEN_PASS30/cert/book6_certpack.py,67442,3c141399705eb3978f8bba38d328f79a40841212c87242c3626940ed1c2f5361
project_root,99_PRESERVED_SOURCE/D0_MAIN_GOLDEN_PASS30/cert/d0_decay5.py,6027,7650b22e468e8a44e06a4dff631563f25da6ae6f9ba6b94ebb728cc458cc7844
project_root,99_PRESERVED_SOURCE/D0_MAIN_GOLDEN_PASS30/cert/d0_sr_budget.py,3818,d445a472295f676b89b2b5968ecd5e7f27a0ad3c0a64939aad7e4f5ca26654c4
project_root,99_PRESERVED_SOURCE/D0_MAIN_GOLDEN_PASS30/cert/metrological_audit.py,12032,6fbb55a2e3ee3ba205d0804add5b418ac5dc071049d9ec478d5581aacbc5b361
project_root,99_PRESERVED_SOURCE/D0_MAIN_GOLDEN_PASS30/cert/phi_cop_complete.py,15751,479b15947c1a42198947f165152bebb6ec9eaa72456b48d303e90cab3b56585e
project_root,99_PRESERVED_SOURCE/D0_MAIN_GOLDEN_PASS30/cert/phi_pdg_strict.py,64614,30ad2402c03de9f466d2631356b87f95a52517914e79e089ff61b5f71b580e51
project_root,99_PRESERVED_SOURCE/D0_MAIN_GOLDEN_PASS30/cert/qec_comparison.py,15809,ad9696a9d613fa78c98d87512ae36fd05a85e27f8b946c4b3d6cda12f844b8b6
project_root,99_PRESERVED_SOURCE/D0_MAIN_GOLDEN_PASS30/cert/sat_solver.py,9833,97dc93722bae9307290016178edb8020609cf6dc68da8ff4cd9cbfc4fd15989d
project_root,99_PRESERVED_SOURCE/D0_MAIN_GOLDEN_PASS30/cert/tsp_solver.py,7744,e49f228dd3751d10e3446fcfa7e4d2c97a53d2eda7aae9b8fc5a492fd8ccbb03
project_root,99_PRESERVED_SOURCE/D0_MAIN_GOLDEN_PASS30/d0/__init__.py,98,778c86a07781725f3e6cb6d3887d6c8c052cedfeca42b5a1a1cbfb036f85230c
project_root,99_PRESERVED_SOURCE/D0_MAIN_GOLDEN_PASS30/d0/constants.py,851,b088656139abb642f913f7cda129cbdbb29d0040a8a8995a7e3081f3ed94ecc2
project_root,99_PRESERVED_SOURCE/D0_MAIN_GOLDEN_PASS30/d0/io.py,1209,652b7a716c96ce860d36f5d56f8aa8919aab7e02dd227ad632985a3e25399383
project_root,99_PRESERVED_SOURCE/D0_MAIN_GOLDEN_PASS30/d0/protocol.py,797,6656430f56f5ff06c429400686223290c6da5c6c92276555dad1d666b9abef67
project_root,99_PRESERVED_SOURCE/D0_MAIN_GOLDEN_PASS30/d0/report.py,1389,4e6d7247e0a07d813b93d45635d060e339f2b3ace2ae84bbe8bcde0111ce9727
project_root,99_PRESERVED_SOURCE/D0_MAIN_GOLDEN_PASS30/d0/scene.py,1103,943508afd74a1118eb455e012e2d705f8afe8aa3d7339417da0810e369b09f6d
project_root,99_PRESERVED_SOURCE/D0_MAIN_GOLDEN_PASS30/d0/spectrum.py,997,bb3b26e5488065057a3d26d0917b42fd62833dfba19123770d16713d44f4cdd4
project_root,99_PRESERVED_SOURCE/D0_MAIN_GOLDEN_PASS30/D0_PUBLICATION_MANIFEST_GOLDEN_PASS30.txt,4014,22b43c9ef9d455080bd4531482685972836fb7b0528dcde4ff2b35366305553f
project_root,99_PRESERVED_SOURCE/D0_MAIN_GOLDEN_PASS30/data/mass_width_2025.mcd,31341,7073c02222f08c19f5c40e422c5a54e9f9a75622b9e10b1b64096144e262d4b5
project_root,99_PRESERVED_SOURCE/D0_MAIN_GOLDEN_PASS30/protocols/book5_phi_cop_complete.json,530,2ca414aa160afc330714bece0494e25b0e528d47d4a8197833a0cfabc2493f27
project_root,99_PRESERVED_SOURCE/D0_MAIN_GOLDEN_PASS30/protocols/book5_qec_comparison.json,242,8917c34bab0da1f482aa9cea14434a49ace2cc3a7241ca161e7eb664c443c685
project_root,99_PRESERVED_SOURCE/D0_MAIN_GOLDEN_PASS30/protocols/book5_sat_solver.json,252,e51f40af9a4f490432b2d805c1362b82a984705d098a4f822a9578862c6d9532
project_root,99_PRESERVED_SOURCE/D0_MAIN_GOLDEN_PASS30/protocols/book5_tsp_solver.json,217,a1c6b8f3d14d3b5d89cb1de7de73ab07f4bb4efb57e69978538a2bc149885c48
project_root,99_PRESERVED_SOURCE/D0_MAIN_GOLDEN_PASS30/protocols/book6_certpack.json,285,74ee5257846eacc03774291e57359b076f4d73a78c65aaeb701f848c86cfbe75
project_root,99_PRESERVED_SOURCE/D0_MAIN_GOLDEN_PASS30/protocols/d0_decay5.json,439,23862b01a1b40c0d75309bb58076913ed89de7ef076313dc3cce1cb3cd195b18
project_root,99_PRESERVED_SOURCE/D0_MAIN_GOLDEN_PASS30/protocols/d0_sr_budget.json,403,63bea3aeedf279e774bc84c82c55cdb1d49af9834dd40fa0d14ef4ae52fafa02
project_root,99_PRESERVED_SOURCE/D0_MAIN_GOLDEN_PASS30/protocols/metrological_audit.json,151,e996b22049a4d6d34f0397241fed0da73bfba9f08c144e9fdae1a04501a5ee9b
project_root,99_PRESERVED_SOURCE/D0_MAIN_GOLDEN_PASS30/protocols/phi_pdg_strict.json,306,b75c1c2b759d3bb6079e0c7042d695cc515927aa59fad9efd2d6a6e2cdf56c63
project_root,99_PRESERVED_SOURCE/D0_MAIN_GOLDEN_PASS30/README.md,8421,4cbad678874316bb575a5f28e7367b4c44e2d055cf2eebeadad3e7f9abf30548
project_root,99_PRESERVED_SOURCE/D0_MAIN_GOLDEN_PASS30/tools/make_manifest.py,1067,a00997ecc034f9a0d0fb44ce8e6346d71128235a9de1b214db56e8f562ac0074
project_root,99_PRESERVED_SOURCE/D0_MAIN_GOLDEN_PASS30/tools/verify_manifest.py,2293,86bad143a733aeba037bdb2b4142b1bd73a90ae31035f72d1b3011d090ce7451
agent_config,AGENTS.md,1141,1b4b98838892ff19e8ba3b13c72ae23710cdb480103a513443711494d35acccd
agent_config,CLAUDE.md,8258,64ab46311e66ccc4861df08efe97b1a7b66791b42f5ccae98157bcde7bacfe81
project_root,D0_CLAIM_CLOSURE_CONTRACT.md,1944,cb5a4381f87d2264300b87ba3b4e51d82b760c9c36d00ae7eb1faedda9e6949d
project_root,d0_gap_labels.json,377,a7ba487e809f6ce7da642feb0e138fb3bad1906ca7d179451425af18ca7abbef
lean_translation_spec,D0_LEAN_FULL_TRANSLATION_TZ_20260528/00_TZ/D0_LEAN_FULL_TRANSLATION_TECHNICAL_SPEC.md,23134,901a01da7e7c41ccee7b5ab29d40eb8d04ac20cf67f4f51291083909345422e1
lean_translation_spec,D0_LEAN_FULL_TRANSLATION_TZ_20260528/01_BACKLOG/LEAN_TRANSLATION_BACKLOG.csv,5347,61d05a04d04f38847c80116818f47506fe275a1f57f60b181ba4f70b16739f4a
lean_translation_spec,D0_LEAN_FULL_TRANSLATION_TZ_20260528/02_LEAN_ARCHITECTURE/LEAN_MODULE_TREE.txt,1884,d069ba2350e1b45f6639ecf3e61ecb6fcb851d90db88322c611035d8c80e5456
lean_translation_spec,D0_LEAN_FULL_TRANSLATION_TZ_20260528/03_CI/CI_RELEASE_REQUIREMENTS.md,845,26cdb2fedd1051b3e77ebc6a8cd0cc47e692a20b3b7772e04dc5212bf389a352
lean_translation_spec,D0_LEAN_FULL_TRANSLATION_TZ_20260528/04_REVIEW_CHECKLISTS/LEAN_REVIEW_CHECKLIST.md,617,ecbd752347d8934fbe06e23478b43d20696381b5881358d09158bc44480bef96
docs,docs/EXTERNAL_ANALYTIC_THEOREM_APPLICATION_LEDGER.md,4287,fdb3a42eeae024a1cb1f4a8877bafcf77fef688881dae97c3a25a4ae25ad4833
project_root,hull_manifest.json,165,824c165c1a0f631041aaeaea25c53d50c739ce3016dbdd72695a98b14624dd4e
tooling,tools/check_book05_integrated_rewrite.py,3225,482d366e2ff6788455c26ca57f452e676508b36c5ceca568d9ff742d29a31273
tooling,tools/check_book_ktheory_gaplabel_sync.py,2709,27f624391768bc5f3bd7bf65ab632caf036edbed942b35787b5dba89f81317d0
tooling,tools/check_book_theory_rewrite.py,3460,adc96ec33beb400eabd1be7ba66d3700755342151d97341a760c0700dbe29617
tooling,tools/check_condensed_ktheory_module_sync.py,4879,5fc74a13ee4737e4ade3af86d8b9d90aed84ceb304834d6a52885fbeaf6ac542
tooling,tools/check_physical_bridge_discipline.py,4523,c72c1f0d8868c54c7bd78fcd7f88d5fdb2748d2afbf62108aa8b18c416f1313c
tooling,tools/check_primitive_text_sync.py,4770,0173b9e00ddbf648f095288faa8d50c1dfa3aa4fb3d30afe4ff414b24eb36a9b
tooling,tools/check_theory_hardening_sync.py,4170,7faf98e5f27886d1ca20d0e34d4da019e6d818f5958f2c1498853f2cfff1d0d8
tooling,tools/check_v14_book04_coefficient_origin_sync.py,4423,966b6935df9d62bab2698468ef20eda5c2c8db9380cd01b16778c81e85fbd893
tooling,tools/check_v14_book04_combinatorial_selector_origins.py,1077,f0bd7d11f71c6519e0d1cf092f59172255eb2076947ef2eee91ee9a02e4ecd6d
tooling,tools/check_v14_book04_operator_boundary_sync.py,4742,a6da789c8d58b2fc904226aae4e3e8977497823556402eb46f6cd4815fac35dc
tooling,tools/check_v14_book04_selectors_sync.py,4857,b9920736b3fa80621d1073bf274bb4f3bb8109cec8d09f4b45aeb05b47eb7a58
tooling,tools/check_v14_born2_sync.py,3912,7a3176c34b1d3c4d704f4d8ded6bbbfffa9b14f002077af9a13345f59180b999
tooling,tools/check_v14_ckm_origin_sync.py,5198,b61f0febb3a402f863a50121c81cb4786c471aa54000ca48ab40fb9473da4b5c
tooling,tools/check_v14_ckm_phason_holonomy_sync.py,3311,64fab119dea9e6b4af6d3ec884ee7ed484e4aabe029263d80b60e4c07c19d96f
tooling,tools/check_v14_clean_corpus.py,4585,a2984b632f97889909f40c850a01152f38f38c0e68f4c33c9a6bb5583be6882b
tooling,tools/check_v14_condensed_phi_vacuum_cut_project_sync.py,3370,d568bfbc51a69710bcd6b0466516fd75e300dcb8bd272eb9f8d3424d20cafb58
tooling,tools/check_v14_cosmology_split_sync.py,3851,66e25e69c30033a5f6bde721146c116134ce813edd38966199cc4d632bca415a
tooling,tools/check_v14_full_support_selectors.py,3378,36a5782a4e0b0320552306bf5402a7547583b051b92d72dfd3f5db12dfa3cbf8
tooling,tools/check_v14_galois_lorentz_signature_sync.py,2880,4b7da341890e7f6c1adadb465f78f7752708fd4d158cc181ed864594fd9e5e07
tooling,tools/check_v14_global_operator_geometry_sync.py,7910,d0ab768062d3b2ccb8ce9bca3419833a65fd7f1fa52562eb49e45eaf226f7f3d
tooling,tools/check_v14_gravity_closure_sync.py,8095,a25bd89dcb4e2f1a0b0f450992ba6eca6dfa8c8a5475b5b9df8e17f5b96c8e8e
tooling,tools/check_v14_higgs_scalar_projector_constructive_sync.py,5198,13a27e9a254bba10a9e02757b419aa2051bd4d2e03efce06d704ce42d3926262
tooling,tools/check_v14_icecube_phason_decoherence_sync.py,4380,d5f15d610310b9d4ac9c4a6b1c6f216acab14a8c0597507e7f3d751fdf0c74ec
tooling,tools/check_v14_information_quasicrystal_phase_unfolding_sync.py,7133,5673d1c1779f3e85e1f2589845a62039e195b33b772dd912938c0c7c27bbe532
tooling,tools/check_v14_master_evolution_sync.py,2968,f26538dd0f4317880238c38db44540976659bc588c8a05e82cc7f819aae619f1
tooling,tools/check_v14_meson_phason_domain_walls_sync.py,3341,9cd16433f2c2fef16bb28e8795157e973183e37a6484218cf7924bfb256e9361
tooling,tools/check_v14_no_go_stress_test_suite_sync.py,3042,a4ab82e154ab3e8db78a1aaf9900798f23881ceb45dce09e1f74977ee4aa0c17
tooling,tools/check_v14_nuclear_shell_contact_src_sync.py,2748,4dd2f6940773eacf2bab0897df199d49941041944afb1f0d9efaf35e89d84445
tooling,tools/check_v14_phason_flip_entropy_sde_sync.py,3247,2bd67e0b91a9ce3ec58f7aa470b9c4ddd362e131ab2222127c3a66297804b1b5
tooling,tools/check_v14_quasi002_phason_strain_generations_baryon_sync.py,4669,bec94f0fcb4f5ef5e40721473c2838e925deaf07fd3fd04359080334830129ca
tooling,tools/check_v14_quasicrystal_phenomenology_operator_origin_sync.py,9207,457cd9afe0e19be7aa1b47cee58e1d0890b43f81ab90fbe6724c35f09b2bae3e
tooling,tools/check_v14_sm_gauge_sync.py,3405,481a9c3e2f0a6c186134573e74e8606604a2119de8b5746c68ebb2a548d8f5c5
tooling,tools/check_v14_spin2_derivation_sync.py,7258,b596ea515c96b4cfbffa8b7e2b1cd31fe25a96954bcc61a71a8c0bf52e260613
tooling,tools/check_v14_spin2_wave_operator_sync.py,3202,c197657bb90ef7f8536bb4f97d382e8263a69efd87722518b9fca2e6ae05a269
tooling,tools/check_v14_tick_lorentz_sync.py,4891,67e2639a69acb1449cedc40f61d656095e1e626e7bfcc203a58694b9560c4471
tooling,tools/check_v14_toral_automorphism_sync.py,6651,c4df21c9d24a32a13f5304eaa4488654e6407a45b444cca9212dc9f2f5c84339
tooling,tools/check_v14_torus_core13_sync.py,6102,87b801188801c5d3579dab85ffb7ff60dff30d5f5fa1303b407320e5db899da2
tooling,tools/check_v14_trace_heat_capacity_gravity_sync.py,8152,17cc9b1640036a1b95a73d3d01e09208a01a4992ad844a36bccee4fba1eb882d
tooling,tools/generate_hard_closure_index.py,1363,05cca2f767db0fb9f95b1cf457aaa8fd202724a30b69301cbbb6c046d55186dc
tooling,tools/graphify_d0.ps1,747,c723833074540d77221b12f6c6b6712deb5bd3a5a9e17052272809106dd8088f
tooling,tools/run_hard_theorem_closure.py,46406,e7f2ac8fbd41556b1a8e5013c2a3e06957c6c47edd51c893ed8ec818cddca8a9
tooling,tools/sync_canonical_file_map.py,3682,b496198301f8317847a753ccd6e2156bc1f636201503c810f66e0729ceddd9f2
tooling,tools/sync_legacy_primary_artifacts.py,942,d2b6e0143da25d41b7d5925f5c4dcd447550ff9e60d8be4fdd70ca050712cf08
tooling,tools/sync_theory_status_map.py,20544,5efd94d31eadafd812d7101f7e70bf772dfbec2f0952bff1084922e8abe2ec36
