target_id,module,theorem_name,kind
T_terminalWindow_C0,D0.Combinatorics.PhaseTower,terminalWindow_C0,THEOREM
T_fullOrientedWindow_C0,D0.Combinatorics.PhaseTower,fullOrientedWindow_C0,THEOREM
T_branches_are_totient,D0.Combinatorics.PhaseTower,branches_are_totient,THEOREM
T_terminalWindow_minimal,D0.Combinatorics.PhaseTowerMinimality,terminalWindow_minimal,THEOREM
T_fullOrientedWindow_minimal,D0.Combinatorics.PhaseTowerMinimality,fullOrientedWindow_minimal,THEOREM
T_fullOrientedWindow_C0_minimal,D0.Combinatorics.PhaseTowerMinimality,fullOrientedWindow_C0_minimal,THEOREM
T_not_terminal_43,D0.Combinatorics.PhaseTowerControls,not_terminal_43,THEOREM
T_not_terminal_45,D0.Combinatorics.PhaseTowerControls,not_terminal_45,THEOREM
T_not_full_oriented_709,D0.Combinatorics.PhaseTowerControls,not_full_oriented_709,THEOREM
T_not_full_oriented_711,D0.Combinatorics.PhaseTowerControls,not_full_oriented_711,THEOREM
T_C0_next_shell,D0.Combinatorics.PhaseTowerRecursion,C0_next_shell,THEOREM
T_C0_next_depth,D0.Combinatorics.PhaseTowerRecursion,C0_next_depth,THEOREM
T_fullBranches_project_to_oriented_depth,D0.Combinatorics.PhaseTowerRecursion,fullBranches_project_to_oriented_depth,THEOREM
T_capacity_recursion_total,D0.Combinatorics.InfinitePhaseTower,capacity_recursion_total,THEOREM
T_forced_terminal_window_all,D0.Combinatorics.InfinitePhaseTower,forced_terminal_window_all,THEOREM
T_terminal_window_minimal_all,D0.Combinatorics.InfinitePhaseTower,terminal_window_minimal_all,THEOREM
T_branch_projection_all,D0.Combinatorics.InfinitePhaseTower,branch_projection_all,THEOREM
T_projection_surjective,D0.Combinatorics.InfinitePhaseTower,projection_surjective,THEOREM
T_current_recursion_stabilizes_at_shell_two,D0.Combinatorics.InfinitePhaseTower,current_recursion_stabilizes_at_shell_two,THEOREM
T_unique_D0_response_root,D0.NumberTheory.PhiContinuedFraction,unique_D0_response_root,THEOREM
T_D0PhaseGenerator_eq_phi_inv_sq,D0.NumberTheory.PhiContinuedFraction,D0PhaseGenerator_eq_phi_inv_sq,THEOREM
T_D0_response_forces_phase_generator,D0.NumberTheory.PhiContinuedFraction,D0_response_forces_phase_generator,THEOREM
T_alphaD0_eq_phi_inv_sq,D0.NumberTheory.HurwitzMinimaxPhi,alphaD0_eq_phi_inv_sq,THEOREM
T_alphaD0_eq_two_sub_phi,D0.NumberTheory.HurwitzMinimaxPhi,alphaD0_eq_two_sub_phi,THEOREM
T_unique_D0_phase_generator,D0.NumberTheory.HurwitzMinimaxPhi,unique_D0_phase_generator,THEOREM
T_alphaD0_convergents_denominators_fibonacci,D0.NumberTheory.HurwitzMinimaxPhi,alphaD0_convergents_denominators_fibonacci,THEOREM
T_alphaD0_is_extremal_among_period_one_contfrac,D0.NumberTheory.HurwitzMinimaxPhi,alphaD0_is_extremal_among_period_one_contfrac,THEOREM
T_HURWITZ_MINIMAX_D0_CLASS_PROVED,D0.NumberTheory.HurwitzMinimaxPhi,HURWITZ_MINIMAX_D0_CLASS_PROVED,THEOREM
T_gamma_clifford_relation,D0.Algebra.CliffordExplicit,gamma_clifford_relation,THEOREM
T_role_signature_1_3,D0.Algebra.RoleSignature,role_signature_1_3,THEOREM
T_no_euclidean_SO4,D0.Algebra.LorentzNoGo,no_euclidean_SO4,NO_GO
T_no_split_SO22,D0.Algebra.LorentzNoGo,no_split_SO22,NO_GO
T_no_deSitter_SO14,D0.Algebra.LorentzNoGo,no_deSitter_SO14,NO_GO
T_betaPhi_linear_flow,D0.RG.OneLoopStructure,betaPhi_linear_flow,THEOREM
T_no_three_simplices_K_9_11_13,D0.Topology.TripartiteComplex,no_three_simplices_K_9_11_13,THEOREM
T_SM_anomaly_sums_zero,D0.Gauge.AnomalyTrace,SM_anomaly_sums_zero,THEOREM
T_generation_rays_not_defined,D0.Spectrum.GenerationRays,generation_rays_not_defined,NO_GO
T_no_canonical_operator_among_candidates,D0.Spectrum.GenerationSpectralRays,no_canonical_operator_among_candidates,NO_GO
T_no_exact_candidate_spectrum,D0.Spectrum.GenerationSpectralRays,no_exact_candidate_spectrum,NO_GO
T_search_result_is_no_canonical_operator,D0.Spectrum.GenerationSpectralRays,search_result_is_no_canonical_operator,NO_GO
T_NO_GO_GENERATION_RAYS_UNDEFINED,D0.Spectrum.GenerationSpectralRays,NO_GO_GENERATION_RAYS_UNDEFINED,NO_GO
T_sample_windows_do_not_determine_infinite_tower,D0.Geometry.EinsteinReduction,sample_windows_do_not_determine_infinite_tower,NO_GO
T_Einstein_reduction_not_closed_from_current_D0_objects,D0.Geometry.EinsteinReduction,Einstein_reduction_not_closed_from_current_D0_objects,NO_GO
T_covariance_compatible_all,D0.Geometry.InfiniteSpectralTower,covariance_compatible_all,THEOREM
T_projection_surjective_all,D0.Geometry.InfiniteSpectralTower,projection_surjective_all,THEOREM
T_terminal_part_tracks_capacity,D0.Geometry.ArchiveRefinementTower,terminal_part_tracks_capacity,THEOREM
T_terminal_readout_stable,D0.Geometry.ArchiveRefinementTower,terminal_readout_stable,THEOREM
T_archive_depth_strictly_increases,D0.Geometry.ArchiveRefinementTower,archive_depth_strictly_increases,THEOREM
T_archive_fibers_strictly_increase,D0.Geometry.ArchiveRefinementTower,archive_fibers_strictly_increase,THEOREM
T_spectral_modes_strictly_increase,D0.Geometry.ArchiveRefinementTower,spectral_modes_strictly_increase,THEOREM
T_archive_projection_surjective,D0.Geometry.ArchiveRefinementTower,archive_projection_surjective,THEOREM
T_archive_projection_system_surjective,D0.Geometry.ArchiveRefinementTower,archive_projection_system_surjective,THEOREM
T_archive_tower_defines_profinite_object,D0.Geometry.ArchiveRefinementTower,archive_tower_defines_profinite_object,THEOREM
T_archive_covariance_projectively_compatible,D0.Geometry.ArchiveRefinementTower,archive_covariance_projectively_compatible,THEOREM
T_archive_laplacian_projectively_compatible,D0.Geometry.ArchiveRefinementTower,archive_laplacian_projectively_compatible,THEOREM
T_archive_mode_exponent_eq_abcd,D0.Geometry.ArchiveModeExponent,archive_mode_exponent_eq_abcd,THEOREM
T_archive_mode_exponent_eq_lorentz_dimension,D0.Geometry.ArchiveModeExponent,archive_mode_exponent_eq_lorentz_dimension,THEOREM
T_archive_mode_exponent_eq_lorentz_carrier_dimension,D0.Geometry.ArchiveModeExponent,archive_mode_exponent_eq_lorentz_carrier_dimension,THEOREM
T_archive_modes_forced,D0.Geometry.ArchiveModeExponent,archive_modes_forced,THEOREM
T_heat_trace_positive,D0.Geometry.ArchiveHeatTrace,heat_trace_positive,THEOREM
T_heat_trace_projection_compatible,D0.Geometry.ArchiveHeatTrace,heat_trace_projection_compatible,THEOREM
T_eigenCountBelow_le_modes,D0.Geometry.ArchiveSpectralCounting,eigenCountBelow_le_modes,THEOREM
T_eigenCountBelow_nonnegative,D0.Geometry.ArchiveSpectralCounting,eigenCountBelow_nonnegative,THEOREM
T_archive_refinement_preserves_terminal_signature,D0.Geometry.ArchiveLorentzCompatibility,archive_refinement_preserves_terminal_signature,THEOREM
T_archive_lorentz_carrier_stable,D0.Geometry.ArchiveLorentzCompatibility,archive_lorentz_carrier_stable,THEOREM
T_EH_leading_term_if_admissible,D0.Geometry.SpectralActionSkeleton,EH_leading_term_if_admissible,THEOREM
T_delta0_pos,D0.Geometry.HigherCurvatureCutoff,delta0_pos,THEOREM
T_higher_curvature_suppressed_for_large_L,D0.Geometry.HigherCurvatureCutoff,higher_curvature_suppressed_for_large_L,THEOREM
T_d0_higher_curvature_cutoff,D0.Geometry.SpectralActionAdmissibility,d0_higher_curvature_cutoff,THEOREM
T_d0_archive_lorentz_carrier_stable,D0.Geometry.SpectralActionAdmissibility,d0_archive_lorentz_carrier_stable,THEOREM
T_d0_archive_satisfies_structural_admissibility,D0.Geometry.SpectralActionAdmissibility,d0_archive_satisfies_structural_admissibility,THEOREM
T_archive_laplacian_symmetric,D0.Geometry.ArchiveLaplacianProperties,archive_laplacian_symmetric,THEOREM
T_archive_laplacian_nonnegative,D0.Geometry.ArchiveLaplacianProperties,archive_laplacian_nonnegative,THEOREM
T_archive_laplacian_zero_mode_control,D0.Geometry.ArchiveLaplacianProperties,archive_laplacian_zero_mode_control,THEOREM
T_archiveDelta_spectrally_equivalent_graphLaplacian,D0.Geometry.ArchiveLaplacianProperties,archiveDelta_spectrally_equivalent_graphLaplacian,THEOREM
T_finite_stage_resolvent_compact,D0.Geometry.ArchiveResolventCompactness,finite_stage_resolvent_compact,THEOREM
T_archive_resolvent_projection_compatible,D0.Geometry.ArchiveResolventCompactness,archive_resolvent_projection_compatible,THEOREM
T_archive_spectral_tightness_from_mode_growth,D0.Geometry.ArchiveResolventCompactness,archive_spectral_tightness_from_mode_growth,THEOREM
T_d0_archive_profinite_resolvent_compactness,D0.Geometry.ArchiveResolventCompactness,d0_archive_profinite_resolvent_compactness,THEOREM
T_D0_archive_matches_heat_kernel_interface,D0.Geometry.ExternalAnalyticTheoremInterface,D0_archive_matches_heat_kernel_interface,THEOREM
T_D0_archive_matches_spectral_action_interface,D0.Geometry.ExternalAnalyticTheoremInterface,D0_archive_matches_spectral_action_interface,THEOREM
T_d0ArchiveMeasure_total_one,D0.Probability.FiniteArchiveMeasure,d0ArchiveMeasure_total_one,THEOREM
T_d0ArchiveMeasure_finite_support,D0.Probability.FiniteArchiveMeasure,d0ArchiveMeasure_finite_support,THEOREM
T_archiveStageMeasure_finite_support,D0.Probability.FiniteArchiveMeasure,archiveStageMeasure_finite_support,THEOREM
T_d0ArchiveMeasure_centered,D0.Probability.SubgaussianArchive,d0ArchiveMeasure_centered,THEOREM
T_d0ArchiveMeasure_not_hyperplane_supported,D0.Probability.SubgaussianArchive,d0ArchiveMeasure_not_hyperplane_supported,THEOREM
T_archive_subgaussian_admissibility_from_cert,D0.Probability.SubgaussianArchive,archive_subgaussian_admissibility_from_cert,THEOREM
T_archive_measure_support_matches_fibers,D0.Probability.SubgaussianArchive,archive_measure_support_matches_fibers,THEOREM
T_archive_measure_centered_from_active_archive_split,D0.Probability.SubgaussianArchive,archive_measure_centered_from_active_archive_split,THEOREM
T_archive_measure_subgaussian_from_bounded,D0.Probability.SubgaussianArchive,archive_measure_subgaussian_from_bounded,THEOREM
T_hst_admissible_from_certificates,D0.Probability.HSTExternalInterface,hst_admissible_from_certificates,THEOREM
T_entropy_kernel_exists_if_HST,D0.Probability.HSTExternalInterface,entropy_kernel_exists_if_HST,THEOREM
T_archive_entropy_kernel_exists_if_HST,D0.Probability.EntropyCouplingKernel,archive_entropy_kernel_exists_if_HST,THEOREM
T_archive_forgetting_channel_unique,D0.Probability.EntropyCouplingKernel,archive_forgetting_channel_unique,THEOREM
T_nonclassical_signature_suppressed,D0.Detector.WeakCouplingClassicalization,nonclassical_signature_suppressed,THEOREM
T_nonclassical_signature_below_noise,D0.Detector.WeakCouplingClassicalization,nonclassical_signature_below_noise,THEOREM
T_weak_coupling_readout_classical_guardrail,D0.Detector.WeakCouplingClassicalization,weak_coupling_readout_classical_guardrail,THEOREM
T_archive_macro_channel_classical_gaussian,D0.Probability.ArchiveClassicalGaussianChannel,archive_macro_channel_classical_gaussian,THEOREM
T_weak_coupling_readout_factors_through_archive_channel,D0.Probability.ArchiveClassicalGaussianChannel,weak_coupling_readout_factors_through_archive_channel,THEOREM
T_finite_boundary_has_finite_mode_multiset,D0.Gravity.BoundaryRelaxationSpectrum,finite_boundary_has_finite_mode_multiset,THEOREM
T_qnm_passport_requires_preregistered_inputs,D0.Gravity.BoundaryRelaxationSpectrum,qnm_passport_requires_preregistered_inputs,THEOREM
T_pPlus_add_pMinus,D0.Spectrum.Pi0BranchDefectGeneration,pPlus_add_pMinus,THEOREM
T_branchGap_eq_two_delta0,D0.Spectrum.Pi0BranchDefectGeneration,branchGap_eq_two_delta0,THEOREM
T_pi0D0_forced,D0.Spectrum.Pi0BranchDefectGeneration,pi0D0_forced,THEOREM
T_tau0D0_forced,D0.Spectrum.Pi0BranchDefectGeneration,tau0D0_forced,THEOREM
T_NO_GO_PI0_BRANCH_DEFECT_GENERATION,D0.Spectrum.Pi0BranchDefectControls,NO_GO_PI0_BRANCH_DEFECT_GENERATION,NO_GO
T_ePlus_nonzero,D0.Spectrum.BranchDefectProjectiveGeneration,ePlus_nonzero,THEOREM
T_eMinus_nonzero,D0.Spectrum.BranchDefectProjectiveGeneration,eMinus_nonzero,THEOREM
T_eGap_nonzero,D0.Spectrum.BranchDefectProjectiveGeneration,eGap_nonzero,THEOREM
T_branchRay_card,D0.Spectrum.BranchDefectProjectiveGeneration,branchRay_card,THEOREM
T_defectAction_ePlus,D0.Spectrum.BranchDefectProjectiveGeneration,defectAction_ePlus,THEOREM
T_defectAction_eMinus,D0.Spectrum.BranchDefectProjectiveGeneration,defectAction_eMinus,THEOREM
T_defectAction_eGap,D0.Spectrum.BranchDefectProjectiveGeneration,defectAction_eGap,THEOREM
T_defectAction_order_three,D0.Spectrum.BranchDefectProjectiveGeneration,defectAction_order_three,THEOREM
T_exactly_three_projective_branch_defect_generations,D0.Spectrum.BranchDefectProjectiveGeneration,exactly_three_projective_branch_defect_generations,THEOREM
T_defect_generation_card,D0.Spectrum.BranchDefectProjectiveGeneration,defect_generation_card,THEOREM
T_branch_defect_projective_proof_closed,D0.Spectrum.BranchDefectProjectiveControls,branch_defect_projective_proof_closed,THEOREM
T_rep_with_generations_card,D0.Matter.GenerationMultiplicity,Matter.rep_with_generations_card,THEOREM
T_generation_index_does_not_change_gauge_charge,D0.Matter.GenerationMultiplicity,Matter.generation_index_does_not_change_gauge_charge,THEOREM
T_matter_rep_generation_multiplicity_three,D0.Matter.GenerationMultiplicity,Matter.matter_rep_generation_multiplicity_three,THEOREM
T_generation_ordinal_adjacency_noncommute,D0.Matter.GenerationSelectorOrigin,Matter.generation_ordinal_adjacency_noncommute,THEOREM
T_generation_up_down_selectors_noncommute,D0.Matter.GenerationSelectorOrigin,Matter.generation_up_down_selectors_noncommute,THEOREM
T_generation_selectors_do_not_commute,D0.Matter.GenerationSelectorOrigin,Matter.generation_selectors_do_not_commute,THEOREM
T_d0_generation_selectors_force_nonpermutation_overlap,D0.Matter.GenerationOverlapResponseOrigin,Matter.d0_generation_selectors_force_nonpermutation_overlap,THEOREM
T_anomaly_sum_triples,D0.Matter.GenerationAnomalyPreservation,Matter.anomaly_sum_triples,THEOREM
T_anomaly_zero_preserved,D0.Matter.GenerationAnomalyPreservation,Matter.anomaly_zero_preserved,THEOREM
T_flat_archive_iff_zero_curvature_obstruction,D0.Geometry.ArchiveCurvatureObstruction,flat_archive_iff_zero_curvature_obstruction,THEOREM
T_archivePhaseDistance_nonnegative,D0.Geometry.ArchivePhaseDistance,archivePhaseDistance_nonnegative,THEOREM
T_archivePhaseDistance_symmetric,D0.Geometry.ArchivePhaseDistance,archivePhaseDistance_symmetric,THEOREM
T_archivePhaseDistance_zero_iff,D0.Geometry.ArchivePhaseDistance,archivePhaseDistance_zero_iff,THEOREM
T_archiveAdjacent_symmetric,D0.Geometry.ArchiveWeightedGraph,archiveAdjacent_symmetric,THEOREM
T_archiveAdjacent_irreflexive,D0.Geometry.ArchiveWeightedGraph,archiveAdjacent_irreflexive,THEOREM
T_archiveWeightedGraph_canonical,D0.Geometry.ArchiveWeightedGraph,archiveWeightedGraph_canonical,THEOREM
T_archiveCanonicalLaplacian_symmetric,D0.Geometry.ArchiveCanonicalLaplacian,archiveCanonicalLaplacian_symmetric,THEOREM
T_archiveCanonicalLaplacian_nonnegative,D0.Geometry.ArchiveCanonicalLaplacian,archiveCanonicalLaplacian_nonnegative,THEOREM
T_archiveCanonicalLaplacian_constant_zero,D0.Geometry.ArchiveCanonicalLaplacian,archiveCanonicalLaplacian_constant_zero,THEOREM
T_NO_GO_ARCHIVE_PHASE_LOCAL_UNIQUENESS,D0.Geometry.ArchiveLaplacianPhaseNaturality,NO_GO_ARCHIVE_PHASE_LOCAL_UNIQUENESS,NO_GO
T_phase_flat_iff_zero_curvature_obstruction,D0.Geometry.ArchivePhaseCurvatureObstruction,phase_flat_iff_zero_curvature_obstruction,THEOREM
T_NO_GO_PHASE_LAPLACIAN_PROJECTIVE_COMPATIBILITY,D0.Geometry.ArchivePhaseCurvatureObstruction,NO_GO_PHASE_LAPLACIAN_PROJECTIVE_COMPATIBILITY,NO_GO
T_NO_GO_PHASE_CURVATURE_OBSTRUCTION,D0.Geometry.ArchivePhaseCurvatureObstruction,NO_GO_PHASE_CURVATURE_OBSTRUCTION,NO_GO
T_archiveRGPhaseProjection_surjective,D0.Geometry.ArchiveLaplacianRG,archiveRGPhaseProjection_surjective,THEOREM
T_rg_curvature_zero_iff_exact_compatibility,D0.Geometry.ArchiveLaplacianRG,rg_curvature_zero_iff_exact_compatibility,THEOREM
T_rg_operator_curvature_zero_iff_renormalized_compatibility,D0.Geometry.ArchiveLaplacianRG,rg_operator_curvature_zero_iff_renormalized_compatibility,THEOREM
T_rg_flat_curvature_zero_iff_exact_flat_compatibility,D0.Geometry.ArchiveLaplacianRG,rg_flat_curvature_zero_iff_exact_flat_compatibility,THEOREM
T_exact_projective_compatibility_fails,D0.Geometry.ArchiveLaplacianRG,exact_projective_compatibility_fails,NO_GO
T_seamCommutator_zero_iff_operator_transport_flat,D0.Geometry.ArchiveSeamCurvature,seamCommutator_zero_iff_operator_transport_flat,THEOREM
T_seamCurvatureDensity_nonnegative,D0.Geometry.ArchiveCurvatureDensity,seamCurvatureDensity_nonnegative,THEOREM
T_seamCurvatureDensity_zero_iff_flat,D0.Geometry.ArchiveCurvatureDensity,seamCurvatureDensity_zero_iff_flat,THEOREM
T_archiveCurvatureAction_nonnegative,D0.Geometry.ArchiveActionFunctional,archiveCurvatureAction_nonnegative,THEOREM
T_archiveCurvatureAction_zero_iff_all_flat,D0.Geometry.ArchiveActionFunctional,archiveCurvatureAction_zero_iff_all_flat,THEOREM
T_matrixHSSquared_nonnegative,D0.Geometry.ArchiveVariation,matrixHSSquared_nonnegative,THEOREM
T_matrix_hs_square_expansion,D0.Geometry.ArchiveVariation,matrix_hs_square_expansion,THEOREM
T_first_variation_trace_square,D0.Geometry.ArchiveVariation,first_variation_trace_square,THEOREM
T_seam_action_variation_quadratic_expansion,D0.Geometry.ArchiveVariation,seam_action_variation_quadratic_expansion,THEOREM
T_stationary_iff_first_variation_zero,D0.Geometry.ArchiveVariation,stationary_iff_first_variation_zero,THEOREM
T_vacuum_equation_iff_stationary,D0.Geometry.ArchiveFieldEquation,vacuum_equation_iff_stationary,THEOREM
T_sourced_equation_variational_form,D0.Geometry.ArchiveFieldEquation,sourced_equation_variational_form,THEOREM
T_archiveCanonicalLaplacian_row_sum_zero,D0.Geometry.ArchiveBianchiIdentity,archiveCanonicalLaplacian_row_sum_zero,THEOREM
T_archiveLiftOperator_row_sum_one,D0.Geometry.ArchiveBianchiIdentity,archiveLiftOperator_row_sum_one,THEOREM
T_seamCommutator_row_sum_zero,D0.Geometry.ArchiveBianchiIdentity,seamCommutator_row_sum_zero,THEOREM
T_curvature_gradient_conserved,D0.Geometry.ArchiveBianchiIdentity,curvature_gradient_conserved,THEOREM
T_source_must_be_conserved,D0.Geometry.ArchiveBianchiIdentity,source_must_be_conserved,THEOREM
T_matterStressMatrix_symmetric,D0.Matter.ArchiveStressCoupling,Matter.matterStressMatrix_symmetric,THEOREM
T_matterStressMatrix_conserved,D0.Matter.ArchiveStressCoupling,Matter.matterStressMatrix_conserved,THEOREM
T_generated_matter_source_conserved_if_anomaly_free,D0.Matter.ArchiveStressCoupling,Matter.generated_matter_source_conserved_if_anomaly_free,THEOREM
T_generated_matter_source_zero_if_anomaly_free,D0.Matter.ArchiveStressCoupling,Matter.generated_matter_source_zero_if_anomaly_free,THEOREM
T_pairing_depends_only_on_symmetric_part,D0.Geometry.ArchiveVariationDual,pairing_depends_only_on_symmetric_part,THEOREM
T_skew_part_annihilates_admissible_variations,D0.Geometry.ArchiveVariationDual,skew_part_annihilates_admissible_variations,THEOREM
T_raw_gradient_equivalent_to_canonical_stress,D0.Geometry.ArchiveStressRepresentative,raw_gradient_equivalent_to_canonical_stress,THEOREM
T_canonical_stress_symmetric,D0.Geometry.ArchiveStressRepresentative,canonical_stress_symmetric,THEOREM
T_canonical_stress_conservation_no_go,D0.Geometry.ArchiveStressRepresentative,canonical_stress_conservation_no_go,NO_GO
T_poisson_requires_neutral_source,D0.Geometry.ArchivePoissonEquation,poisson_requires_neutral_source,THEOREM
T_poisson_solution_unique_mod_constant,D0.Geometry.ArchivePoissonEquation,poisson_solution_unique_mod_constant,THEOREM
T_seam_action_scalar_sector_reduces_to_poisson,D0.Geometry.ArchiveWeakFieldReduction,seam_action_scalar_sector_reduces_to_poisson,THEOREM
T_generated_matter_source_neutral_if_anomaly_free,D0.Matter.GeneratedMatterSource,Matter.generated_matter_source_neutral_if_anomaly_free,THEOREM
T_constrained_stress_projection_symmetric_conserved_equivalent,D0.Frozen.ConservedStressProjection,constrained_stress_projection_symmetric_conserved_equivalent,THEOREM
T_scalar_stationarity_implies_archive_poisson,D0.Active.ScalarPoissonReduction,scalar_stationarity_implies_archive_poisson,THEOREM
T_localized_matter_source_neutral_if_anomaly_free,D0.Active.NonzeroMatterSourceNeutrality,Matter.localized_matter_source_neutral_if_anomaly_free,THEOREM
T_commute_with_shift_implies_diagonal_constant,D0.Geometry.ArchivePhaseShift,Geometry.commute_with_shift_implies_diagonal_constant,THEOREM
T_phase_symmetric_total_operator_yields_uniform_archive_density,D0.Matter.ArchivePartialTrace,Matter.phase_symmetric_total_operator_yields_uniform_archive_density,THEOREM
T_stage3_tensor_exactness,D0.Spectrum.GenerationTensorExactness,Spectrum.stage3_tensor_exactness,THEOREM
T_matrix_decomposition,D0.Matter.TraceDecompositionSigns,Matter.matrix_decomposition,THEOREM
T_interaction_trace_sign_audit,D0.Matter.TraceDecompositionSigns,Matter.interaction_trace_sign_audit,THEOREM
T_frobenius_trace_sign_audit,D0.Matter.TraceDecompositionSigns,Matter.frobenius_trace_sign_audit,THEOREM
T_skew_trace_pairing_is_negative_link_dot,D0.Matter.VectorCurrentCoupling,Matter.skew_trace_pairing_is_negative_link_dot,THEOREM
T_scalar_vector_decoupling,D0.Matter.VectorCurrentCoupling,Matter.scalar_vector_decoupling,THEOREM
T_symmOffDiag_trace_pairing_is_positive_edge_dot,D0.Matter.EdgeStressCoupling,Matter.symmOffDiag_trace_pairing_is_positive_edge_dot,THEOREM
T_scalar_edge_decoupling,D0.Matter.EdgeStressCoupling,Matter.scalar_edge_decoupling,THEOREM
T_skew_square_trace_nonpositive,D0.Algebra.GaugeActionSignBridge,Algebra.skew_square_trace_nonpositive,THEOREM
T_skew_square_trace_eq_zero_iff,D0.Algebra.GaugeActionSignBridge,Algebra.skew_square_trace_eq_zero_iff,THEOREM
T_abstract_shift_commute_implies_diagonal_constant,D0.Topology.ArchiveShiftTopology,Topology.abstract_shift_commute_implies_diagonal_constant,THEOREM
T_skew_stationarity_implies_vector_equation,D0.Matter.VectorFieldEquation,Matter.skew_stationarity_implies_vector_equation,THEOREM
T_symmOffDiag_stationarity_implies_edge_equation,D0.Geometry.EdgeMetricEquation,Geometry.symmOffDiag_stationarity_implies_edge_equation,THEOREM
T_gaugeKineticAction_nonnegative,D0.Algebra.GaugeKineticPositivity,Algebra.gaugeKineticAction_nonnegative,THEOREM
T_gaugeKineticAction_eq_zero_iff,D0.Algebra.GaugeKineticPositivity,Algebra.gaugeKineticAction_eq_zero_iff,THEOREM
T_homogeneous_total_eq_value,D0.Cosmology.ArchiveHomogeneousState,Cosmology.homogeneous_total_eq_value,THEOREM
T_homogeneous_mass_conserving_fixed_point,D0.Cosmology.ArchiveHomogeneousState,Cosmology.homogeneous_mass_conserving_fixed_point,THEOREM
T_zero_mean_nonzero_has_negative_component,D0.Cosmology.ZeroMeanModes,Cosmology.zero_mean_nonzero_has_negative_component,THEOREM
T_zero_mean_nonzero_has_positive_component,D0.Cosmology.ZeroMeanModes,Cosmology.zero_mean_nonzero_has_positive_component,THEOREM
T_zero_mean_mode_has_underdense_region,D0.Cosmology.ZeroMeanModes,Cosmology.zero_mean_mode_has_underdense_region,THEOREM
T_inverse_density_convex_three_point,D0.Cosmology.TransientAcceleration,Cosmology.inverse_density_convex_three_point,THEOREM
T_underdense_geometric_mode_generates_positive_acceleration,D0.Cosmology.TransientAcceleration,Cosmology.underdense_geometric_mode_generates_positive_acceleration,THEOREM
T_positive_lower_bound_blocks_eternal_linear_underdensity,D0.Cosmology.InstabilitySaturation,Cosmology.positive_lower_bound_blocks_eternal_linear_underdensity,THEOREM
T_homogeneous_fixed_point,D0.Cosmology.EntropyArchiveFlow,Cosmology.homogeneous_fixed_point,THEOREM
T_jacobian_eigenvalue_formula,D0.Cosmology.LinearizedEntropyFlow,Cosmology.jacobian_eigenvalue_formula,THEOREM
T_jacobian_eigenvalue_unstable_if_mu_positive,D0.Cosmology.LinearizedEntropyFlow,Cosmology.jacobian_eigenvalue_unstable_if_mu_positive,THEOREM
T_density_floor_bounds_inverse,D0.Cosmology.ArchiveVolumeBounds,Cosmology.density_floor_bounds_inverse,THEOREM
T_density_floor_bounds_archiveVolume,D0.Cosmology.ArchiveVolumeBounds,Cosmology.density_floor_bounds_archiveVolume,THEOREM
T_bounded_volume_no_eternal_uniform_acceleration,D0.Cosmology.ArchiveVolumeBounds,Cosmology.bounded_volume_no_eternal_uniform_acceleration,THEOREM
T_softmax_flow_mass_preserving,D0.Cosmology.ConcreteEntropyArchiveFlow,Cosmology.softmax_flow_mass_preserving,THEOREM
T_homogeneous_state_maps_to_itself,D0.Cosmology.ConcreteEntropyArchiveFlow,Cosmology.homogeneous_state_maps_to_itself,THEOREM
T_positivity_if_initial_positive,D0.Cosmology.ConcreteEntropyArchiveFlow,Cosmology.positivity_if_initial_positive,THEOREM
T_centered_source_zero_mean,D0.Cosmology.ConcreteEntropyArchiveFlow,Cosmology.centered_source_zero_mean,THEOREM
T_jacobian_eigenvalue_formula_convention,D0.Cosmology.EntropyJacobianSign,Cosmology.jacobian_eigenvalue_formula_convention,THEOREM
T_jacobian_eigenvalue_unstable_convention,D0.Cosmology.EntropyJacobianSign,Cosmology.jacobian_eigenvalue_unstable_convention,THEOREM
T_projection_preserves_mass,D0.Cosmology.FloorMassProjection,Cosmology.projection_preserves_mass,THEOREM
T_projection_preserves_floor,D0.Cosmology.FloorMassProjection,Cosmology.projection_preserves_floor,THEOREM
T_projection_exists_of_feasible,D0.Cosmology.FloorMassProjection,Cosmology.projection_exists_of_feasible,THEOREM
T_canonical_archive_density_is_uniform,D0.Cosmology.ResearchPassCorollaries,Cosmology.canonical_archive_density_is_uniform,THEOREM
T_exact_generation_lift_trace,D0.Cosmology.ResearchPassCorollaries,Cosmology.exact_generation_lift_trace,THEOREM
T_canonical_seam_source_properties,D0.Cosmology.ResearchPassCorollaries,Cosmology.canonical_seam_source_properties,THEOREM
T_eta_absorbs_into_response,D0.Geometry.ArchiveTickGaugeFixing,Geometry.eta_absorbs_into_response,THEOREM
T_denominator_first_order_cancel,D0.Probability.EntropyFlowJacobian,Probability.denominator_first_order_cancel,THEOREM
T_entropy_flow_linearization_zero_mean,D0.Probability.EntropyFlowJacobian,Probability.entropy_flow_linearization_zero_mean,THEOREM
T_waterFill_preserves_floor,D0.Probability.ArchiveFloorWaterFilling,Probability.waterFill_preserves_floor,THEOREM
T_waterFill_mass_if_root,D0.Probability.ArchiveFloorWaterFilling,Probability.waterFill_mass_if_root,THEOREM
T_feasibility,D0.Probability.ArchiveFloorWaterFilling,Probability.feasibility,THEOREM
T_trace_weighted_laplacian,D0.Geometry.ConformalLaplacianTrace,Geometry.trace_weighted_laplacian,THEOREM
T_regular_trace_volume_proxy,D0.Geometry.ConformalLaplacianTrace,Geometry.regular_trace_volume_proxy,THEOREM
T_archiveVolume_heat_trace_proxy,D0.Geometry.ConformalLaplacianTrace,Geometry.archiveVolume_heat_trace_proxy,THEOREM
T_weighted_laplacian_entry,D0.Geometry.HeatTraceEHProxy,Geometry.weighted_laplacian_entry,THEOREM
T_trace_square_weighted_laplacian_decomposition,D0.Geometry.HeatTraceEHProxy,Geometry.trace_square_weighted_laplacian_decomposition,THEOREM
T_offdiag_proxy_nonnegative,D0.Geometry.HeatTraceEHProxy,Geometry.offdiag_proxy_nonnegative,THEOREM
T_regular_graph_diagonal_square_term,D0.Geometry.HeatTraceEHProxy,Geometry.regular_graph_diagonal_square_term,THEOREM
T_core_shape_independent_of_empirical_parameters,D0.Cosmology.CoreShapePassportBoundary,Cosmology.core_shape_independent_of_empirical_parameters,THEOREM
T_empirical_passport_not_core_closed,D0.Cosmology.CoreShapePassportBoundary,Cosmology.empirical_passport_not_core_closed,THEOREM
T_heat_trace_sq_exact_decomposition,D0.Geometry.HeatTraceA2Decomposition,Geometry.HeatTraceA2Decomposition.heat_trace_sq_exact_decomposition,THEOREM
T_discrete_eh_proxy_nonnegative,D0.Geometry.HeatTraceA2Decomposition,Geometry.HeatTraceA2Decomposition.discrete_eh_proxy_nonnegative,THEOREM
T_offdiag_double_count_guard,D0.Geometry.HeatTraceA2Decomposition,Geometry.HeatTraceA2Decomposition.offdiag_double_count_guard,THEOREM
T_double_count_factor_guard,D0.Geometry.HeatTraceA2Decomposition,Geometry.HeatTraceA2Decomposition.double_count_factor_guard,THEOREM
T_spectral_action_a0_is_volume_proxy,D0.Geometry.SpectralActionLadder,Geometry.SpectralActionLadder.spectral_action_a0_is_volume_proxy,THEOREM
T_spectral_action_a2_is_eh_proxy,D0.Geometry.SpectralActionLadder,Geometry.SpectralActionLadder.spectral_action_a2_is_eh_proxy,THEOREM
T_higher_curvature_floor_bound_basic,D0.Geometry.SpectralActionLadder,Geometry.SpectralActionLadder.higher_curvature_floor_bound_basic,THEOREM
T_trace_power_bound,D0.Geometry.SpectralActionLadder,Geometry.SpectralActionLadder.trace_power_bound,THEOREM
T_matrix_power_combinatorial_bound,D0.Geometry.HigherCurvatureSuppression,Geometry.HigherCurvatureSuppression.matrix_power_combinatorial_bound,THEOREM
T_conformal_laplacian_entry_bound,D0.Geometry.HigherCurvatureSuppression,Geometry.HigherCurvatureSuppression.conformal_laplacian_entry_bound,THEOREM
T_higher_curvature_suppression_by_floor,D0.Geometry.HigherCurvatureSuppression,Geometry.HigherCurvatureSuppression.higher_curvature_suppression_by_floor,THEOREM
T_a0_is_volume_proxy,D0.Geometry.SpectralActionLadder,Geometry.SpectralActionLadder.a0_is_volume_proxy,THEOREM
T_a2_is_eh_proxy,D0.Geometry.SpectralActionLadder,Geometry.SpectralActionLadder.a2_is_eh_proxy,THEOREM
T_higher_powers_floor_bounded,D0.Geometry.SpectralActionLadder,Geometry.SpectralActionLadder.higher_powers_floor_bounded,THEOREM
T_external_likelihood_cannot_promote_to_core_closed,D0.Traceability.StatusTaxonomy,Traceability.external_likelihood_cannot_promote_to_core_closed,THEOREM
T_commutator_self_zero,D0.Algebra.ArchiveCommutatorOperators,Algebra.commutator_self_zero,THEOREM
T_commutator_skew_of_skew,D0.Algebra.ArchiveCommutatorOperators,Algebra.commutator_skew_of_skew,THEOREM
T_minus_trace_square_nonnegative,D0.Algebra.ArchiveCommutatorOperators,Algebra.minus_trace_square_nonnegative,THEOREM
T_gauge_curvature_skew,D0.Matter.GaugeCurvatureOrigin,Matter.gauge_curvature_skew,THEOREM
T_abelian_curvature_annihilates_self_interaction,D0.Matter.GaugeCurvatureOrigin,Matter.abelian_curvature_annihilates_self_interaction,THEOREM
T_gauge_action_positive_from_origin,D0.Matter.GaugeCurvatureOrigin,Matter.gauge_action_positive_from_origin,THEOREM
T_vector_laplacian_preserves_skew,D0.Matter.VectorOperatorOrigin,Matter.vector_laplacian_preserves_skew,THEOREM
T_vector_laplacian_energy_nonnegative,D0.Matter.VectorOperatorOrigin,Matter.vector_laplacian_energy_nonnegative,THEOREM
T_vector_operator_origin_applies_to_field_equation,D0.Matter.VectorOperatorOrigin,Matter.vector_operator_origin_applies_to_field_equation,THEOREM
T_capacityCore_symmetric,D0.Geometry.EdgeStiffnessOrigin,Geometry.capacityCore_symmetric,THEOREM
T_capacityCore_psd,D0.Geometry.EdgeStiffnessOrigin,Geometry.capacityCore_psd,THEOREM
T_symmOffDiag_projection_trace_transparent,D0.Geometry.EdgeStiffnessOrigin,Geometry.symmOffDiag_projection_trace_transparent,THEOREM
T_edge_stiffness_preserves_symmOffDiag,D0.Geometry.EdgeStiffnessOrigin,Geometry.edge_stiffness_preserves_symmOffDiag,THEOREM
T_edge_stiffness_energy_nonnegative,D0.Geometry.EdgeStiffnessOrigin,Geometry.edge_stiffness_energy_nonnegative,THEOREM
T_edge_projection_prevents_scalar_leakage,D0.Geometry.EdgeStiffnessOrigin,Geometry.edge_projection_prevents_scalar_leakage,NO_GO
T_gauge_curvature_origin_closed,D0.Bridge.OperatorOriginIndex,Bridge.gauge_curvature_origin_closed,THEOREM
T_vector_operator_origin_closed,D0.Bridge.OperatorOriginIndex,Bridge.vector_operator_origin_closed,THEOREM
T_edge_stiffness_origin_closed,D0.Bridge.OperatorOriginIndex,Bridge.edge_stiffness_origin_closed,THEOREM
T_nonabelian_completion_boundary,D0.Bridge.OperatorOriginIndex,Bridge.nonabelian_completion_boundary,NO_GO
T_flat_tensor_of_two_skew_is_symmetric,D0.Gauge.FlatTensorNoGo,Gauge.flat_tensor_of_two_skew_is_symmetric,NO_GO
T_naive_flat_tensor_nonabelian_boundary,D0.Gauge.FlatTensorNoGo,Gauge.naive_flat_tensor_nonabelian_boundary,NO_GO
T_spatialCommutator_preserves_skew,D0.Gauge.NonAbelianDiscreteCurvature,Gauge.spatialCommutator_preserves_skew,THEOREM
T_spatialWedge_preserves_skew,D0.Gauge.NonAbelianDiscreteCurvature,Gauge.spatialWedge_preserves_skew,THEOREM
T_nonabelian_curvature_preserves_skew,D0.Gauge.NonAbelianDiscreteCurvature,Gauge.nonabelian_curvature_preserves_skew,THEOREM
T_nonabelian_discrete_curvature_boundary,D0.Gauge.NonAbelianDiscreteCurvature,Gauge.nonabelian_discrete_curvature_boundary,NO_GO
T_residual_expands_by_definitions,D0.Gauge.BianchiResidual,Gauge.residual_expands_by_definitions,THEOREM
T_exact_residual_graph_anomaly_boundary,D0.Gauge.BianchiResidual,Gauge.exact_residual_graph_anomaly_boundary,NO_GO
T_discreteYangMillsAction_nonnegative_of_killing_nonpos,D0.Gauge.YangMillsKillingPositivity,Gauge.discreteYangMillsAction_nonnegative_of_killing_nonpos,THEOREM
T_CompactLieKillingNegative,D0.Bridge.Assumptions.YangMillsKilling,Bridge.BridgeAssumption.CompactLieKillingNegative,THEOREM
T_D0_FINAL_FOUNDATION_INDEX,D0.Bridge.FinalBridgeIndex,Bridge.D0_FINAL_FOUNDATION_INDEX,THEOREM
T_dim_one_admissible,D0.Algebra.HurwitzLocalBoundary,Algebra.dim_one_admissible,THEOREM
T_dim_two_admissible,D0.Algebra.HurwitzLocalBoundary,Algebra.dim_two_admissible,THEOREM
T_dim_four_admissible,D0.Algebra.HurwitzLocalBoundary,Algebra.dim_four_admissible,THEOREM
T_dim_eight_admissible,D0.Algebra.HurwitzLocalBoundary,Algebra.dim_eight_admissible,THEOREM
T_dim_one_has_local_finite_witness,D0.Algebra.HurwitzLocalBoundary,Algebra.dim_one_has_local_finite_witness,THEOREM
T_dim_two_has_local_finite_witness,D0.Algebra.HurwitzLocalBoundary,Algebra.dim_two_has_local_finite_witness,THEOREM
T_dim_four_has_local_finite_witness,D0.Algebra.HurwitzLocalBoundary,Algebra.dim_four_has_local_finite_witness,THEOREM
T_dim_eight_has_local_finite_witness,D0.Algebra.HurwitzLocalBoundary,Algebra.dim_eight_has_local_finite_witness,THEOREM
T_hurwitz_local_boundary_split,D0.Algebra.HurwitzLocalBoundary,Algebra.hurwitz_local_boundary_split,THEOREM
T_exact_missing_upstream_hurwitz_theorem_is_global_classification,D0.Algebra.HurwitzLocalBoundary,Algebra.exact_missing_upstream_hurwitz_theorem_is_global_classification,THEOREM
T_remaining_hurwitz_open_is_single_precise_statement,D0.Algebra.HurwitzLocalBoundary,Algebra.remaining_hurwitz_open_is_single_precise_statement,THEOREM
T_gaugeTransformFinite_well_typed,D0.Gauge.MatrixRepGaugeTransform,Gauge.gaugeTransformFinite_well_typed,THEOREM
T_discreteMaurerCartan_well_typed,D0.Gauge.MatrixRepGaugeTransform,Gauge.discreteMaurerCartan_well_typed,THEOREM
T_matrixRepCurvature_well_typed,D0.Gauge.MatrixRepGaugeTransform,Gauge.matrixRepCurvature_well_typed,THEOREM
T_gaugeTransformFinite_preserves_skew_of_orthogonal,D0.Gauge.MatrixRepGaugeTransform,Gauge.gaugeTransformFinite_preserves_skew_of_orthogonal,THEOREM
T_matrixRepCurvature_preserves_skew,D0.Gauge.MatrixRepGaugeTransform,Gauge.matrixRepCurvature_preserves_skew,THEOREM
T_matrix_rep_yang_mills_action_nonnegative_of_skew,D0.Gauge.MatrixRepGaugeTransform,Gauge.matrix_rep_yang_mills_action_nonnegative_of_skew,THEOREM
T_abstract_lieRing_finite_transform_requires_associative_representation,D0.Gauge.MatrixRepGaugeTransform,Gauge.abstract_lieRing_finite_transform_requires_associative_representation,NO_GO
T_c0_c2_scale_action_values_only,D0.Bridge.SICalibrationBoundary,Bridge.c0_c2_scale_action_values_only,THEOREM
T_c0_c2_cannot_alter_a0_a2_trace_shapes,D0.Bridge.SICalibrationBoundary,Bridge.c0_c2_cannot_alter_a0_a2_trace_shapes,THEOREM
T_si_calibration_belongs_to_bridge_calibration_status,D0.Bridge.SICalibrationBoundary,Bridge.si_calibration_belongs_to_bridge_calibration_status,THEOREM
T_si_calibration_cannot_promote_to_core_closed,D0.Bridge.SICalibrationBoundary,Bridge.si_calibration_cannot_promote_to_core_closed,THEOREM
T_d0_internal_dimension_value,D0.Algebra.D0InternalDimensionSelector,Algebra.d0_internal_dimension_value,THEOREM
T_d0_internal_dimension_value_mem,D0.Algebra.D0InternalDimensionSelector,Algebra.d0_internal_dimension_value_mem,THEOREM
T_d0_admissible_dimension_iff,D0.Algebra.D0InternalDimensionSelector,Algebra.d0_admissible_dimension_iff,THEOREM
T_d0_admissible_internal_dimension_iff,D0.Algebra.D0InternalDimensionSelector,Algebra.d0_admissible_internal_dimension_iff,THEOREM
T_octonion_witness_not_associative_matrix_algebra,D0.Algebra.D0InternalDimensionSelector,Algebra.octonion_witness_not_associative_matrix_algebra,THEOREM
T_d0_selector_closes_core_internal_dimension,D0.Algebra.D0InternalDimensionSelector,Algebra.d0_selector_closes_core_internal_dimension,THEOREM
T_global_hurwitz_classification_not_core_dependency,D0.Algebra.D0InternalDimensionSelector,Algebra.global_hurwitz_classification_not_core_dependency,THEOREM
T_wilson_loop_covariance,D0.Gauge.WilsonLinkGaugeCovariance,Gauge.wilson_loop_covariance,THEOREM
T_naive_local_gauge_covariance_counterexample_fin3,D0.Gauge.WilsonLinkGaugeCovariance,Gauge.naive_local_gauge_covariance_counterexample_fin3,NO_GO
T_graded_nilpotency,D0.Topology.GradedIncidenceComplex,Topology.graded_nilpotency,THEOREM
T_discrete_exact_bianchi,D0.Topology.GradedIncidenceComplex,Topology.discrete_exact_bianchi,THEOREM
T_graded_bianchi_exact_topology,D0.Topology.GradedIncidenceComplex,Topology.graded_bianchi_exact,THEOREM
T_abelian_bianchi_exact,D0.Gauge.GradedBianchiIdentity,Gauge.abelian_bianchi_exact,THEOREM
T_graded_bianchi_exact_gauge,D0.Gauge.GradedBianchiIdentity,Gauge.graded_bianchi_exact,THEOREM
T_ungraded_bianchi_residual_counterexample_fin2,D0.Gauge.GradedBianchiIdentity,Gauge.ungraded_bianchi_residual_counterexample_fin2,NO_GO
T_core_traces_are_dimensionless,D0.Bridge.SICalibrationClosure,Bridge.core_traces_are_dimensionless,THEOREM
T_calibration_changes_only_action_scaling,D0.Bridge.SICalibrationClosure,Bridge.calibration_changes_only_action_scaling,THEOREM
T_calibration_changes_units_not_core_shape,D0.Bridge.SICalibrationClosure,Bridge.calibration_changes_units_not_core_shape,THEOREM
T_no_si_observable_without_external_calibration,D0.Bridge.SICalibrationClosure,Bridge.no_si_observable_without_external_calibration,THEOREM
T_h0_gn_lambda_are_not_core_observables,D0.Bridge.SICalibrationClosure,Bridge.h0_gn_lambda_are_not_core_observables,THEOREM
T_si_observables_require_external_calibration,D0.Bridge.SICalibrationClosure,Bridge.si_observables_require_external_calibration,THEOREM
T_frozen_sm_gauge_factors_closed,D0.Gauge.SMGaugeDecomposition,Gauge.frozen_sm_gauge_factors_closed,THEOREM
T_frozen_sm_generation_ledger_closed,D0.Gauge.SMGaugeDecomposition,Gauge.frozen_sm_generation_ledger_closed,THEOREM
T_frozen_sm_generation_anomaly_free,D0.Gauge.SMGaugeDecomposition,Gauge.frozen_sm_generation_anomaly_free,THEOREM
T_no_alternative_sm_factors_at_frozen_ledger,D0.Gauge.SMGaugeDecomposition,Gauge.no_alternative_sm_factors_at_frozen_ledger,NO_GO
T_no_alternative_sm_generation_ledger_at_frozen_decomposition,D0.Gauge.SMGaugeDecomposition,Gauge.no_alternative_sm_generation_ledger_at_frozen_decomposition,NO_GO
T_sm_eft_bridge_requires_frozen_decomposition,D0.Gauge.SMGaugeDecomposition,Gauge.sm_eft_bridge_requires_frozen_decomposition,THEOREM
T_frozen_sm_eft_bridge_boundary_closed,D0.Gauge.SMGaugeDecomposition,Gauge.frozen_sm_eft_bridge_boundary_closed,THEOREM
T_charged_lepton_coefficient_origin_row_unique,D0.Matter.Book04CoefficientOrigin,Matter.charged_lepton_coefficient_origin_row_unique,THEOREM
T_charged_lepton_coefficient_table_forced,D0.Matter.Book04CoefficientOrigin,Matter.charged_lepton_coefficient_table_forced,THEOREM
T_charged_lepton_coefficient_no_free_row_alternative,D0.Matter.Book04CoefficientOrigin,Matter.charged_lepton_coefficient_no_free_row_alternative,NO_GO
T_charged_lepton_coefficients_no_free_retuning,D0.Matter.Book04CoefficientOrigin,Matter.charged_lepton_coefficients_no_free_retuning,NO_GO
T_baryon_multiplet_requires_spin_flavour_decuplet_operator,D0.Matter.Book04OperatorBoundary,Matter.baryon_multiplet_requires_spin_flavour_decuplet_operator,NO_GO
T_nucleon_line_cannot_promote_full_baryon_multiplet,D0.Matter.Book04OperatorBoundary,Matter.nucleon_line_cannot_promote_full_baryon_multiplet,NO_GO
T_baryon_triple_carrier_card,D0.Matter.BaryonS3Symmetrizer,Matter.baryon_triple_carrier_card,THEOREM
T_baryon_sorted_triple_card_eq_ten,D0.Matter.BaryonS3Symmetrizer,Matter.sorted_triple_card_eq_ten,THEOREM
T_baryon_antisymmetric_line_annihilated,D0.Matter.BaryonS3Symmetrizer,Matter.antisymmetric_line_annihilated_by_s3_symmetrizer,NO_GO
T_lower_hodge_400_cannot_promote_meson_masses,D0.Matter.Book04OperatorBoundary,Matter.lower_hodge_400_cannot_promote_meson_masses,NO_GO
T_meson_mass_promotion_requires_chiral_flavour_vector_operator,D0.Matter.Book04OperatorBoundary,Matter.meson_mass_promotion_requires_chiral_flavour_vector_operator,NO_GO
T_meson_lower_hodge_lift_internal_degeneracy,D0.Matter.MesonDefectTransferAlgebra,Matter.lower_hodge_lift_has_internal_degeneracy,THEOREM
T_meson_lower_hodge_seed_not_mass_operator,D0.Matter.MesonDefectTransferAlgebra,Matter.lower_hodge_seed_not_meson_mass_operator,NO_GO
T_meson_transfer_operator_uses_lifted_flavour,D0.Matter.MesonDefectTransferAlgebra,Matter.meson_transfer_operator_uses_lifted_flavour_defect,THEOREM
T_higgs_yukawa_requires_scalar_projector,D0.Matter.Book04OperatorBoundary,Matter.higgs_yukawa_requires_scalar_projector,NO_GO
T_missing_scalar_projector_cannot_promote_higgs_yukawa_core,D0.Matter.Book04OperatorBoundary,Matter.missing_scalar_projector_cannot_promote_higgs_yukawa_core,NO_GO
T_book04_operator_boundaries_closed,D0.Matter.Book04OperatorBoundary,Matter.book04_operator_boundaries_closed,NO_GO
T_higgs_scalar_projector_constructive_closure,D0.Matter.HiggsScalarProjectorConstructive,Matter.higgs_scalar_projector_constructive_closure,THEOREM
T_higgs_commutes_xz_scalar_matrix,D0.Matter.HiggsScalarProjectorConstructive,Matter.commutes_XZ_forces_scalar_matrix,THEOREM
T_higgs_nonzero_gauge_idempotent_identity,D0.Matter.HiggsScalarProjectorConstructive,Matter.nonzero_gauge_idempotent_eq_identity,THEOREM
T_higgs_rank1_su2_no_go,D0.Matter.HiggsScalarProjectorConstructive,Matter.rank1_scalar_projector_breaks_su2_gauge_compatibility,NO_GO
T_higgs_rank2_scalar_projector_exists,D0.Matter.HiggsScalarProjectorConstructive,Matter.rank2_scalar_projector_exists,THEOREM
T_higgs_minimal_positive_rank_two,D0.Matter.HiggsScalarProjectorConstructive,Matter.minimal_positive_scalar_projector_rank_two,THEOREM
T_higgs_minimal_positive_unique,D0.Matter.HiggsScalarProjectorConstructive,Matter.minimal_positive_scalar_projector_unique,THEOREM
T_higgs_yukawa_core_promotion_valid,D0.Matter.HiggsScalarProjectorConstructive,Matter.higgs_yukawa_core_promotion_valid,THEOREM
T_higgs_scalar_projector_rank_one_no_go,D0.Matter.HiggsScalarProjectorConstructive,Matter.finite_scalar_projector_rank_one_no_go,NO_GO
T_higgs_scalar_projector_minimal_rank_two,D0.Matter.HiggsScalarProjectorConstructive,Matter.finite_scalar_projector_minimal_rank_two,THEOREM
T_higgs_scalar_projector_rank_two_readout_unique,D0.Matter.HiggsScalarProjectorConstructive,Matter.finite_scalar_projector_rank_two_readout_unique,THEOREM
T_sm_minimal_scalar_action_terms_closed,D0.Gauge.SMScalarActionCompletion,Gauge.sm_minimal_scalar_action_terms_closed,THEOREM
T_sm_scalar_completion_preserves_frozen_base,D0.Gauge.SMScalarActionCompletion,Gauge.sm_scalar_completion_preserves_frozen_base,THEOREM
T_sm_scalar_completion_projector_rank_two,D0.Gauge.SMScalarActionCompletion,Gauge.sm_scalar_completion_projector_rank_two,THEOREM
T_torus_shell_card_eq_three,D0.Geometry.TorusCore13GeometryOrigin,Geometry.torus_shell_card_eq_three,THEOREM
T_torus_outer_inner_ratio,D0.Geometry.TorusCore13GeometryOrigin,Geometry.TorusParameter.outer_inner_ratio,THEOREM
T_torus_major_minor_ratio,D0.Geometry.TorusCore13GeometryOrigin,Geometry.TorusParameter.major_minor_ratio,THEOREM
T_torus_equator_ratio,D0.Geometry.TorusCore13GeometryOrigin,Geometry.TorusParameter.equator_ratio,THEOREM
T_torus_radial_phase_commutator_01,D0.Geometry.TorusCore13GeometryOrigin,Geometry.radial_hopping_phase_drift_commutator_01,THEOREM
T_torus_radial_phase_noncommute,D0.Geometry.TorusCore13GeometryOrigin,Geometry.radial_hopping_phase_drift_noncommute,THEOREM
T_torus_generation_selector_noncommute,D0.Matter.GenerationSelectorOrigin,Matter.torus_geometry_forces_generation_selector_noncommute,THEOREM
T_torus_overlap_source,D0.Matter.GenerationOverlapResponseOrigin,Matter.torus_shell_noncommutativity_forces_nonpermutation_overlap_source,THEOREM
T_spin2_pitt4_idempotent,D0.Geometry.FiniteSpin2WaveOperator,Geometry.PiTT4_idempotent,THEOREM
T_spin2_pitt4_is_tt,D0.Geometry.FiniteSpin2WaveOperator,Geometry.PiTT4_is_tt,THEOREM
T_spin2_pitt4_kills_trace,D0.Geometry.FiniteSpin2WaveOperator,Geometry.PiTT4_kills_trace,THEOREM
T_spin2_pitt4_kills_gauge,D0.Geometry.FiniteSpin2WaveOperator,Geometry.PiTT4_kills_gauge,THEOREM
T_spin2_wtt4_preserves_tt,D0.Geometry.FiniteSpin2WaveOperator,Geometry.WTT4_preserves_tt,THEOREM
T_spin2_wtt4_energy_nonnegative,D0.Geometry.FiniteSpin2WaveOperator,Geometry.WTT4_energy_nonnegative,THEOREM
T_spin2_tt_stress_coupling_projection,D0.Geometry.FiniteSpin2WaveOperator,Geometry.spin2_coupling_depends_only_on_tt_stress,THEOREM
T_spin2_tt_polarization_card_two,D0.Geometry.FiniteSpin2WaveOperator,Geometry.tt_polarization_card_eq_two,THEOREM
T_spin2_four_role_dof_two,D0.Geometry.FiniteSpin2WaveOperator,Geometry.finite_spin2_four_role_dof_eq_two,THEOREM
T_book04_ew_depth35_full_support_strict,D0.Matter.Book04FullSupportSelectors,Matter.electroweak_depth35_full_support_strict,THEOREM
T_book04_proton_readout306_full_support_strict,D0.Matter.Book04FullSupportSelectors,Matter.proton_readout306_full_support_strict,THEOREM
T_book04_beta_depth19_full_support_strict,D0.Matter.Book04FullSupportSelectors,Matter.beta_unlock_depth19_full_support_strict,THEOREM
T_book04_ew_depth35_full_support_no_alt,D0.Matter.Book04FullSupportSelectors,Matter.electroweak_depth35_full_support_no_free_alternative,THEOREM
T_book04_proton_readout306_full_support_no_alt,D0.Matter.Book04FullSupportSelectors,Matter.proton_readout306_full_support_no_free_alternative,THEOREM
T_book04_beta_depth19_full_support_no_alt,D0.Matter.Book04FullSupportSelectors,Matter.beta_unlock_depth19_full_support_no_free_alternative,THEOREM
T_born_quadratic_parallelogram,D0.Core.BornQuadraticOrigin,parallelogram_response_is_quadratic_form,THEOREM
T_born_quadratic_norm_square,D0.Core.BornQuadraticOrigin,quarter_turn_quadratic_forces_norm_square,THEOREM
T_born_quadratic_origin_closed,D0.Core.BornQuadraticOrigin,born_quadratic_origin_closed,THEOREM
T_ckm_nontrivial_permutation_no_go,D0.Matter.CKMNontrivialFlavourAlgebra,Matter.permutation_witness_has_no_nontrivial_flavour_transfer,THEOREM
T_ckm_nontrivial_overlap_promotes,D0.Matter.CKMNontrivialFlavourAlgebra,Matter.overlap_response_can_force_nonpermutation_transfer,THEOREM
T_ckm_torus_nonpermutation_source,D0.Matter.CKMNontrivialFlavourAlgebra,Matter.torus_overlap_generates_nonpermutation_flavour_transfer,THEOREM
T_flavour_defect_positive_response,D0.Matter.CKMNontrivialFlavourAlgebra,Matter.nontrivial_flavour_defect_positive_response,THEOREM
T_flavour_defect_meson_admissible,D0.Matter.CKMNontrivialFlavourAlgebra,Matter.nontrivial_flavour_defect_admissible_for_meson_transfer,THEOREM
T_ckm_torus_shell_noncommutator_phason_curvature,D0.Matter.CKMPhasonHolonomy,Matter.torus_shell_noncommutator_is_phason_connection_curvature,THEOREM
T_ckm_phason_parallel_transport_unitary,D0.Matter.CKMPhasonHolonomy,Matter.phason_parallel_transport_around_shells_is_unitary,THEOREM
T_ckm_phason_holonomy_multisupport,D0.Matter.CKMPhasonHolonomy,Matter.phason_holonomy_response_has_multisupport_row,THEOREM
T_ckm_phason_holonomy_not_permutation,D0.Matter.CKMPhasonHolonomy,Matter.phason_holonomy_response_not_permutation,THEOREM
T_ckm_cp_phase_chiral_phason_twist,D0.Matter.CKMPhasonHolonomy,Matter.ckm_cp_phase_is_chiral_phason_bundle_twist,THEOREM
T_ckm_matrix_phason_holonomy_core13,D0.Matter.CKMPhasonHolonomy,Matter.ckm_matrix_is_phason_holonomy_on_torus_core13,THEOREM
T_meson_support_projector_idempotent,D0.Matter.MesonDefectTransferOrigin,Matter.meson_support_projector_idempotent,THEOREM
T_meson_flavour_defect_positive,D0.Matter.MesonDefectTransferOrigin,Matter.flavour_defect_positive_response,THEOREM
T_meson_positive_defect_transfer_admissible,D0.Matter.MesonDefectTransferOrigin,Matter.meson_positive_defect_transfer_admissible,THEOREM
T_entropic_boundary_capacity_nonnegative,D0.Gravity.EntropicArchiveInterface,Gravity.boundary_capacity_nonnegative,THEOREM
T_entropic_graph_laplacian_symmetric,D0.Gravity.EntropicArchiveInterface,Gravity.graph_laplacian_symmetric,THEOREM
T_entropic_conserved_flux_no_creation,D0.Gravity.EntropicArchiveInterface,Gravity.conserved_flux_no_creation,THEOREM
T_entropic_tension_energy_nonnegative,D0.Gravity.EntropicArchiveInterface,Gravity.entropic_tension_energy_nonnegative,THEOREM
T_entropic_archive_interface_closure,D0.Gravity.EntropicArchiveInterface,Gravity.entropic_archive_interface_closure,THEOREM
T_spin2_supplies_tt_macro_carrier,D0.Geometry.FiniteSpin2WaveOperator,Geometry.finite_spin2_supplies_tt_macro_carrier,THEOREM
T_higher_curvature_terms_below_finite_readout_cut,D0.Geometry.HigherCurvatureSuppression,Geometry.HigherCurvatureSuppression.higher_curvature_terms_below_finite_readout_cut,THEOREM
T_spectral_a2_eh_bridge_closed,D0.Gravity.MacroEinsteinInterface,Gravity.spectral_a2_eh_bridge_closed,THEOREM
T_finite_gravity_macro_constraints_closed,D0.Gravity.MacroEinsteinInterface,Gravity.finite_gravity_macro_constraints_closed,THEOREM
T_macro_tension_einstein_hilbert_interface_closed,D0.Gravity.MacroEinsteinInterface,Gravity.macro_tension_einstein_hilbert_interface_closed,THEOREM
T_finite_gravity_witness_yields_einstein_hilbert_interface,D0.Gravity.MacroEinsteinInterface,Gravity.finite_gravity_witness_yields_einstein_hilbert_interface,THEOREM
T_toral_trace_T2,D0.Dynamics.ToralAutomorphism,Dynamics.trace_T2,THEOREM
T_toral_trace_T3,D0.Dynamics.ToralAutomorphism,Dynamics.trace_T3,THEOREM
T_toral_trace_T5,D0.Dynamics.ToralAutomorphism,Dynamics.trace_T5,THEOREM
T_toral_trace_evolution_unfolds_d0_geometry,D0.Dynamics.ToralAutomorphism,Dynamics.trace_evolution_unfolds_d0_geometry,THEOREM
T_toral_det_T,D0.Dynamics.ToralAutomorphism,Dynamics.det_T,THEOREM
T_toral_det_T_pow,D0.Dynamics.ToralAutomorphism,Dynamics.det_T_pow,THEOREM
T_toral_volume_conservation_square,D0.Dynamics.ToralAutomorphism,Dynamics.toral_volume_conservation_square,THEOREM
T_toral_trace_T_pow_eq_signed_lucas,D0.Dynamics.ToralAutomorphism,Dynamics.trace_T_pow_eq_signed_lucas,THEOREM
T_toral_generation_trace_eq_three,D0.Dynamics.GaloisConjugateBalance,Dynamics.generationTrace_eq_three,THEOREM
T_toral_abcd_trace_eq_four,D0.Dynamics.GaloisConjugateBalance,Dynamics.abcdTrace_eq_four,THEOREM
T_toral_memory_torus_trace_eq_eleven,D0.Dynamics.GaloisConjugateBalance,Dynamics.memoryTorusTrace_eq_eleven,THEOREM
T_toral_dark_sector_even_window_readout_zero,D0.Dynamics.DarkSectorCoarseGrain,Dynamics.dark_sector_even_window_readout_zero,THEOREM
T_fixed_detector_time_ladder_fixed,D0.Core.FixedDetectorTimeLadder,Core.detector_fixed_under_time_ladder,THEOREM
T_fixed_detector_readout_depends_on_time_power,D0.Core.FixedDetectorTimeLadder,Core.readout_depends_on_time_power,THEOREM
T_fixed_detector_active_archive_trace_integer,D0.Core.FixedDetectorTimeLadder,Core.active_archive_trace_readout_integer,THEOREM
T_trace_heat_moment_T2_eq_even_lucas_trace,D0.Dynamics.TraceHeatCapacityGravity,Dynamics.heat_moment_T2_eq_even_lucas_trace,THEOREM
T_trace_heat_moment_eq_even_lucas,D0.Dynamics.TraceHeatCapacityGravity,Dynamics.heat_moment_eq_even_lucas,THEOREM
T_trace_heat_lefschetz_spectrum_unfolds_scene,D0.Dynamics.TraceHeatCapacityGravity,Dynamics.lefschetz_spectrum_unfolds_scene,THEOREM
T_trace_heat_boundary_capacity_quarter_cut,D0.Dynamics.TraceHeatCapacityGravity,Dynamics.boundary_capacity_is_quarter_cut_weight,THEOREM
T_trace_heat_saturated_region_boundary_encoding,D0.Dynamics.TraceHeatCapacityGravity,Dynamics.saturated_region_forces_boundary_encoding,THEOREM
T_trace_heat_black_hole_capacity_saturation_rule,D0.Dynamics.TraceHeatCapacityGravity,Dynamics.black_hole_capacity_saturation_rule,THEOREM
T_trace_heat_entropy_gradient_gravity_interface,D0.Dynamics.TraceHeatCapacityGravity,Dynamics.heat_trace_entropy_gradient_admits_gravity_interface,THEOREM
T_master_time_operator_quadratic,D0.Dynamics.MasterEvolutionTheorem,Dynamics.T_squared_plus_T_minus_identity_eq_zero,THEOREM
T_master_det_pow_square,D0.Dynamics.MasterEvolutionTheorem,Dynamics.det_T_pow_square_eq_one,THEOREM
T_master_lucas_heat_moment_bridge,D0.Dynamics.MasterEvolutionTheorem,Dynamics.lucas_heat_moment_bridge,THEOREM
T_master_detector_fixed_ladder,D0.Dynamics.MasterEvolutionTheorem,Dynamics.detector_is_fixed_under_ladder,THEOREM
T_master_phi_quasicrystal_vacuum_support,D0.Dynamics.MasterEvolutionTheorem,Dynamics.d0_phi_quasicrystal_vacuum_support,THEOREM
T_master_evolution_theorem,D0.Dynamics.MasterEvolutionTheorem,Dynamics.master_evolution_theorem,THEOREM
T_information_phi_phase_nonperiodic,D0.Geometry.HurwitzRigidPhaseGenerator,Geometry.phi_phase_is_nonperiodic,THEOREM
T_information_phi_continued_fraction_all_ones,D0.Geometry.HurwitzRigidPhaseGenerator,Geometry.phi_continued_fraction_all_ones,THEOREM
T_information_hurwitz_low_denominator_bound,D0.Geometry.HurwitzRigidPhaseGenerator,Geometry.hurwitz_rigid_low_denominator_bound,THEOREM
T_information_finite_return_modulus_unfolds_branches,D0.Geometry.PhaseReturnBranchCount,Geometry.finite_return_modulus_unfolds_branches,THEOREM
T_information_terminal_return_branch_count,D0.Geometry.PhaseReturnBranchCount,Geometry.terminal_return_branch_count,THEOREM
T_information_electroweak_return_branch_count,D0.Geometry.PhaseReturnBranchCount,Geometry.electroweak_return_branch_count,THEOREM
T_information_toral_runtime_quasicrystal_order,D0.Geometry.PhaseUnfoldingQuasicrystal,Geometry.toral_runtime_supplies_quasicrystal_order,THEOREM
T_information_quasicrystal_order_not_periodic_lattice,D0.Geometry.PhaseUnfoldingQuasicrystal,Geometry.quasicrystal_order_not_periodic_lattice,THEOREM
T_condensed_phi_vacuum_stage_card,D0.Condensed.CondensedPhiVacuum,phi_vacuum_stage_card_eq_two,THEOREM
T_condensed_phi_vacuum_support_closed,D0.Condensed.CondensedPhiVacuum,condensed_phi_vacuum_support_closed,THEOREM
T_cut_project_quasicrystal_matches_phase_unfolding,D0.Condensed.CondensedPhiVacuum,cut_project_quasicrystal_matches_phase_unfolding,THEOREM
T_quasi_generation_inflation_orbit,D0.Physics.QuasiGenerationsInflation,Physics.quasi_generation_inflation_orbit,THEOREM
T_archive_phason_strain_em_dark_metric_visible,D0.Physics.ArchivePhasonDarkMatter,Physics.archive_phason_strain_em_dark_metric_visible,THEOREM
T_window_offset_forces_chiral_readout,D0.Physics.WindowOffsetChirality,Physics.window_offset_forces_chiral_readout,THEOREM
T_phason_flip_drag_positive_cost,D0.Physics.PhasonFlipInertia,Physics.phason_flip_drag_positive_cost,THEOREM
T_phason_flip_entropy_nonnegative,D0.Cosmology.PhasonFlipEntropy,Cosmology.phason_flip_entropy_nonnegative,THEOREM
T_archive_pressure_phason_flip_entropy_osmosis,D0.Cosmology.PhasonFlipEntropy,Cosmology.archive_pressure_is_phason_flip_entropy_osmosis,THEOREM
T_phason_flip_transfer_sde_polynomial,D0.Cosmology.PhasonFlipEntropy,Cosmology.phason_flip_transfer_matrix_has_sde_polynomial,THEOREM
T_sde_roots_phason_flip_relaxation_modes,D0.Cosmology.PhasonFlipEntropy,Cosmology.sde_roots_are_phason_flip_relaxation_modes,THEOREM
T_single_sector_weight_eq_one_third,D0.Physics.WindowFractionalCharge,Physics.single_sector_weight_eq_one_third,THEOREM
T_double_sector_weight_eq_two_thirds,D0.Physics.WindowFractionalCharge,Physics.double_sector_weight_eq_two_thirds,THEOREM
T_fractional_charge_window_weights,D0.Physics.WindowFractionalCharge,Physics.fractional_charge_window_weights,THEOREM
T_quasicrystal_cut_project_matches_phase_unfolding,D0.Physics.QuasicrystalPhenomenology,Physics.d0_phi_cut_project_matches_phase_unfolding,THEOREM
T_physics_cut_project_matches_condensed_phi_vacuum,D0.Physics.QuasicrystalPhenomenology,Physics.d0_phi_cut_project_matches_condensed_phi_vacuum,THEOREM
T_quasicrystal_phenomenology_operator_origin,D0.Physics.QuasicrystalPhenomenology,Physics.quasicrystal_phenomenology_operator_origin,THEOREM
T_galois_lorentz_signature_closed,D0.Physics.GaloisLorentzSignature,Physics.galois_lorentz_signature_closed,THEOREM
T_quasi002_phason_mode_card_three,D0.Matter.PhasonStrainGenerations,Matter.phason_mode_card_eq_three,THEOREM
T_quasi002_generation_phason_mode_card_three,D0.Matter.PhasonStrainGenerations,Matter.generation_phason_mode_card_eq_three,THEOREM
T_quasi002_baryon_phason_triple_card_27,D0.Matter.PhasonStrainGenerations,Matter.baryon_phason_triple_card_eq_27,THEOREM
T_quasi002_baryon_phason_symmetric_sector_dim_10,D0.Matter.PhasonStrainGenerations,Matter.baryon_phason_symmetric_sector_dim_eq_ten,THEOREM
T_quasi002_phason_baryon_s3_decuplet,D0.Matter.PhasonStrainGenerations,Matter.phason_s3_symmetrizer_admits_baryon_decuplet_transfer,THEOREM
T_quasi002_full_baryon_requires_phason_s3,D0.Matter.PhasonStrainGenerations,Matter.full_baryon_multiplet_requires_phason_s3_symmetrizer,THEOREM
T_quasi002_phason_strain_generations_baryon_closure,D0.Matter.PhasonStrainGenerations,Matter.phason_strain_generations_baryon_closure,THEOREM
T_meson_phason_domain_wall_boundary_nonzero,D0.Matter.MesonPhasonDomainWalls,Matter.meson_phason_domain_wall_boundary_nonzero,THEOREM
T_meson_phason_domain_wall_card_eq_six,D0.Matter.MesonPhasonDomainWalls,Matter.meson_phason_domain_wall_card_eq_six,THEOREM
T_meson_domain_wall_generation_carrier_card_eq_eighteen,D0.Matter.MesonPhasonDomainWalls,Matter.meson_domain_wall_generation_carrier_card_eq_eighteen,THEOREM
T_meson_domain_wall_transfer_uses_lifted_defect,D0.Matter.MesonPhasonDomainWalls,Matter.meson_domain_wall_transfer_uses_lifted_defect,THEOREM
T_meson_phason_domain_wall_closure,D0.Matter.MesonPhasonDomainWalls,Matter.meson_phason_domain_wall_closure,THEOREM
T_icecube_neutrino_bulk_phason_wave,D0.Matter.NeutrinoPhasonWaves,Matter.neutrino_neutral_leakage_is_bulk_phason_wave,THEOREM
T_icecube_neutral_phason_no_em_coupling,D0.Matter.NeutrinoPhasonWaves,Matter.neutral_phason_wave_has_no_em_coupling,THEOREM
T_icecube_delta0_over_four_seed,D0.Matter.NeutrinoPhasonWaves,Matter.delta0_over_four_is_phason_birefringence_seed,THEOREM
T_icecube_hurwitz_gap_kernel,D0.Matter.NeutrinoPhasonWaves,Matter.hurwitz_gap_scattering_kernel_admissible,THEOREM
T_icecube_decoherence_kernel_positive,D0.Matter.NeutrinoPhasonWaves,Matter.phason_wave_decoherence_kernel_positive,THEOREM
T_icecube_passport_requires_external_manifest,D0.Passport.IceCubePhasonDecoherence,Passport.icecube_decoherence_passport_requires_external_manifest,THEOREM
T_icecube_empty_manifest_cannot_run,D0.Passport.IceCubePhasonDecoherence,Passport.empty_icecube_manifest_cannot_run,NO_GO
T_icecube_passport_uses_frozen_kernel,D0.Passport.IceCubePhasonDecoherence,Passport.icecube_passport_uses_frozen_phason_kernel,THEOREM
T_no_go_rank_one_higgs_scalar_projector,D0.NoGo.StressTestSuite,NoGo.no_go_rank_one_higgs_scalar_projector,NO_GO
T_no_go_isolated_phason_generation_carrier,D0.NoGo.StressTestSuite,NoGo.no_go_isolated_phason_generation_carrier,NO_GO
T_no_go_isolated_phason_baryon_s3_sector,D0.NoGo.StressTestSuite,NoGo.no_go_isolated_phason_baryon_s3_sector,NO_GO
T_no_go_euclidean_signature_export,D0.NoGo.StressTestSuite,NoGo.no_go_euclidean_signature_export,NO_GO
T_no_go_stress_test_suite_closed,D0.NoGo.StressTestSuite,NoGo.no_go_stress_test_suite_closed,NO_GO
T_d0_hull_has_finite_local_complexity,D0.Topology.TilingHull,Topology.d0_hull_has_finite_local_complexity,THEOREM
T_d0_hull_has_phi_cut_project_origin,D0.Topology.TilingHull,Topology.d0_hull_has_phi_cut_project_origin,THEOREM
T_d0_hull_is_nonperiodic,D0.Topology.TilingHull,Topology.d0_hull_is_nonperiodic,THEOREM
T_d0_hull_has_long_range_order,D0.Topology.TilingHull,Topology.d0_hull_has_long_range_order,THEOREM
T_d0_hull_supports_gap_labeling,D0.Topology.TilingHull,Topology.d0_hull_supports_gap_labeling,THEOREM
T_gap_label_is_topological_not_fitted,D0.Matter.KTheoryGapLabeling,Matter.gap_label_is_topological_not_fitted,THEOREM
T_d0_gap_labels_are_countable,D0.Matter.KTheoryGapLabeling,Matter.d0_gap_labels_are_countable,THEOREM
T_gap_labeling_requires_frozen_operator,D0.Matter.KTheoryGapLabeling,Matter.gap_labeling_requires_frozen_operator,THEOREM
T_meson_domain_wall_spectrum_admits_k0_labels,D0.Matter.KTheoryGapLabeling,Matter.meson_domain_wall_spectrum_admits_k0_labels,THEOREM
T_ckm_holonomy_spectrum_admits_k0_labels,D0.Matter.KTheoryGapLabeling,Matter.ckm_holonomy_spectrum_admits_k0_labels,THEOREM
T_archive_pressure_spectrum_admits_k0_labels,D0.Matter.KTheoryGapLabeling,Matter.archive_pressure_spectrum_admits_k0_labels,THEOREM
T_d0_hull_admits_noncommutative_solenoid_model,D0.Geometry.NonCommutativeSolenoid,Geometry.d0_hull_admits_noncommutative_solenoid_model,THEOREM
T_d0_heat_trace_admits_solenoid_spectral_triple_approx,D0.Geometry.NonCommutativeSolenoidGravity,Geometry.d0_heat_trace_admits_solenoid_spectral_triple_approx,THEOREM
T_finite_spin2_operator_is_tt_sector_of_solenoid_spectral_geometry,D0.Geometry.NonCommutativeSolenoidGravity,Geometry.finite_spin2_operator_is_tt_sector_of_solenoid_spectral_geometry,THEOREM
T_wtt4_is_compatible_with_noncommutative_solenoid_geometry,D0.Geometry.NonCommutativeSolenoidGravity,Geometry.wtt4_is_compatible_with_noncommutative_solenoid_geometry,THEOREM
T_lower_hodge_400_is_domain_wall_tension_seed,D0.Matter.MesonPhasonDomainWalls,Matter.lower_hodge_400_is_domain_wall_tension_seed,THEOREM
T_meson_domain_wall_fluctuation_operator_has_spectral_gaps,D0.Matter.MesonPhasonDomainWalls,Matter.meson_domain_wall_fluctuation_operator_has_spectral_gaps,THEOREM
T_meson_domain_wall_gaps_have_k0_labels,D0.Matter.MesonPhasonDomainWalls,Matter.meson_domain_wall_gaps_have_k0_labels,THEOREM
T_k0_labels_permit_meson_spectral_passport,D0.Matter.MesonPhasonDomainWalls,Matter.k0_labels_permit_meson_spectral_passport,THEOREM
T_torus_shell_noncommutator_defines_phason_connection_curvature,D0.Matter.CKMPhasonHolonomy,Matter.torus_shell_noncommutator_defines_phason_connection_curvature,THEOREM
T_ckm_holonomy_has_k_theory_class,D0.Matter.CKMPhasonHolonomy,Matter.ckm_holonomy_has_k_theory_class,THEOREM
T_ckm_cp_phase_is_oriented_noncommutative_area,D0.Matter.CKMPhasonHolonomy,Matter.ckm_cp_phase_is_oriented_noncommutative_area,THEOREM
T_sde_relaxation_modes_have_gap_labels,D0.Cosmology.PhasonFlipEntropy,Cosmology.sde_relaxation_modes_have_gap_labels,THEOREM
T_archive_pressure_spectrum_is_gap_labeled,D0.Cosmology.PhasonFlipEntropy,Cosmology.archive_pressure_spectrum_is_gap_labeled,THEOREM
T_same_shell_contact_index_zero_for_unmatched_valence_protons,D0.Matter.NuclearShellContactSRC,Matter.same_shell_contact_index_zero_for_unmatched_valence_protons,THEOREM
T_same_shell_contact_turns_on_for_matched_valence_pn,D0.Matter.NuclearShellContactSRC,Matter.same_shell_contact_turns_on_for_matched_valence_pn,THEOREM
T_mass_number_alone_cannot_determine_src_contact,D0.Matter.NuclearShellContactSRC,Matter.mass_number_alone_cannot_determine_src_contact,THEOREM
T_neutron_excess_alone_cannot_determine_src_contact,D0.Matter.NuclearShellContactSRC,Matter.neutron_excess_alone_cannot_determine_src_contact,THEOREM
T_src_contact_requires_shell_projector_overlap,D0.Matter.NuclearShellContactSRC,Matter.src_contact_requires_shell_projector_overlap,THEOREM
T_nuclear_shell_contact_src_closure,D0.Matter.NuclearShellContactSRC,Matter.nuclear_shell_contact_src_closure,THEOREM
T_cvft_internal_feedback_forced,D0.Dynamics.InternalFeedbackResolvent,Dynamics.internal_feedback_forced_by_split,THEOREM
T_cvft_internal_feedback_resolvent,D0.Dynamics.InternalFeedbackResolvent,Dynamics.internal_feedback_resolvent_series,THEOREM
T_cvft_external_mirror_forbidden,D0.Dynamics.InternalFeedbackResolvent,Dynamics.external_mirror_model_forbidden,NO_GO
T_cvft_feedback_det_cycles,D0.Cosmology.FeedbackPartitionFunction,Cosmology.feedback_determinant_return_cycles,THEOREM
T_cvft_feedback_variation_source,D0.Cosmology.FeedbackPartitionFunction,Cosmology.feedback_variation_universal_source,THEOREM
T_cvft_feedback_pressure_trace_log,D0.Cosmology.FiniteFeedbackEquationOfState,Cosmology.feedback_pressure_trace_log,THEOREM
T_cvft_finite_pvt,D0.Cosmology.FiniteFeedbackEquationOfState,Cosmology.finite_pvt_equation_of_state,THEOREM
T_cvft_ideal_gas_forbidden,D0.Cosmology.FiniteFeedbackEquationOfState,Cosmology.ideal_gas_core_postulate_forbidden,NO_GO
T_cvft_terminal_feedback_mode,D0.Matter.TerminalFeedbackModes,Matter.terminal_feedback_mode_criterion,THEOREM
T_cvft_arbitrary_eigenvalue_forbidden,D0.Matter.TerminalFeedbackModes,Matter.matter_as_arbitrary_eigenvalue_forbidden,NO_GO
T_cvft_higgs_rank2_feedback,D0.Matter.TerminalFeedbackModes,Matter.higgs_as_rank2_feedback_subspace,THEOREM
T_cvft_meson_feedback_stretch,D0.Matter.TerminalFeedbackModes,Matter.meson_domain_wall_feedback_stretch,THEOREM
T_cvft_baryon_s3_feedback,D0.Matter.TerminalFeedbackModes,Matter.baryon_s3_stabilized_feedback_modes,THEOREM
T_cvft_pressure_capacity_regimes,D0.Gravity.PressureCapacityBalance,Gravity.pressure_capacity_balance_regimes,THEOREM
T_cvft_horizon_feedback_limit,D0.Gravity.PressureCapacityBalance,Gravity.horizon_saturation_feedback_limit,THEOREM
T_cvft_a4_feedback_saturation,D0.Gravity.PressureCapacityBalance,Gravity.a4_terminal_feedback_saturation,THEOREM
T_cvft_sde_two_mode,D0.Cosmology.SDEFeedbackReduction,Cosmology.sde_two_mode_feedback_reduction,THEOREM
T_cvft_desi_sparc_boundary_derivative_forced,D0.Cosmology.SDEFeedbackReduction,Cosmology.desi_sparc_failure_forces_boundary_derivative_feedback,THEOREM
T_cvft_arbitrary_kernel_repair_not_theorem_grade,D0.Cosmology.SDEFeedbackReduction,Cosmology.arbitrary_kernel_repair_not_theorem_grade,NO_GO
T_cvft_desi_sparc_boundary_feedback,D0.Cosmology.SDEFeedbackReduction,Cosmology.desi_sparc_failure_boundary_feedback_diagnosis,THEOREM
T_cvft_desi_root_refit_forbidden,D0.Cosmology.SDEFeedbackReduction,Cosmology.desi_root_refit_repair_forbidden,NO_GO
T_cvft_desi_window_refit_forbidden,D0.Cosmology.SDEFeedbackReduction,Cosmology.desi_window_refit_repair_forbidden,NO_GO
