claim_id,plain_language,release_status,owner_lean,owner_cert
D0-LEAN-CORE-001,lean core,CORE-FORMALIZED,D0.TheoremLedger.ReleaseStatus,
D0-LEAN-BRIDGE-001,lean bridge,BRIDGE-ASSUMPTIONS-EXPLICIT,D0.TheoremLedger.ReleaseStatus,
D0-FOUND-001,found,CORE-FORMALIZED,D0.Core.Phi,
D0-PHI-HURWITZ-001,phi hurwitz,CORE-FORMALIZED,D0.NumberTheory.HurwitzMinimaxPhi,vp_v1142_hurwitz_phi_phase_rigidity.py
D0-ABCD-001,abcd,CORE-FORMALIZED,D0.Core.DyadABCD,
D0-OMEGA8-001,omega8,CORE-FORMALIZED,D0.Core.DyadABCD,
D0-OMEGA8-CENTER-001,omega8 center,CORE-FORMALIZED,D0.Foundation.Omega8Center,vp_omega8_center_collapse.py
D0-CAPACITY-V9-001,capacity v9,CORE-FORMALIZED,D0.Core.FiniteTypes,
D0-CAPACITY-V11-001,capacity v11,CORE-FORMALIZED,D0.Core.FiniteTypes,
D0-CAPACITY-V13-001,capacity v13,CORE-FORMALIZED,D0.Core.FiniteTypes,
D0-SCENE-001,scene,CORE-FORMALIZED,D0.Combinatorics.Tripartite,
D0-NCG-INDEX-001,ncg index,CORE-FORMALIZED,D0.Combinatorics.Tripartite,
D0-PHASE-UNFOLD-002,phase unfold 002,CORE-FORMALIZED,D0.Phase,vp_v1143_forced_return_windows_capacity.py
D0-QM-BORN-001,qm born,BRIDGE-ASSUMPTIONS-EXPLICIT,D0.Born,
D0-QM-BORN-002,qm born 002,BRIDGE-ASSUMPTIONS-EXPLICIT,D0.Born,
D0-CARRIER-003,carrier 003,CORE_BRIDGE_SPLIT,D0.Algebra.Clifford,vp_v1145_operator_bridge_triple.py
D0-GAUGE-MATTER-001,gauge matter,BRIDGE-ASSUMPTIONS-EXPLICIT,D0.Topology.BoundaryBoundary,vp_v1132_gauge_matter_ward_anomaly.py
D0-GAUGE-MATTER-002,gauge matter 002,CORE-FORMALIZED,D0.Gauge.AnomalySums,vp_v1132_gauge_matter_ward_anomaly.py
D0-RG-001,rg,BRIDGE-ASSUMPTIONS-EXPLICIT,D0.Bridge.PhiDiscreteRG,vp_v1145_operator_bridge_triple.py
D0-SMOOTH-001,smooth,BRIDGE-ASSUMPTIONS-EXPLICIT,D0.Bridge.SmoothMetricBridge,vp_v1145_operator_bridge_triple.py
D0-PHASE-TOWER-001,phase tower,CORE-FORMALIZED,D0.Combinatorics.PhaseTowerMinimality,
D0-PHASE-TOWER-002,phase tower 002,NO_GO_PROVED,D0.Combinatorics.InfinitePhaseTower,
D0-ARCHIVE-TOWER-001,archive tower,CORE-FORMALIZED,D0.Geometry.ArchiveRefinementTower,
D0-ARCHIVE-MODE-EXPONENT-001,archive mode exponent,CORE-FORMALIZED,D0.Geometry.ArchiveModeExponent,
D0-ARCHIVE-HEATTRACE-001,archive heattrace,CERT-CLOSED,D0.Geometry.ArchiveHeatTrace,vp_archive_heat_trace_weyl_dimension.py
D0-ARCHIVE-LAPLACIAN-001,archive laplacian,CORE-FORMALIZED,D0.Geometry.ArchiveLaplacianProperties,
D0-ARCHIVE-RESOLVENT-001,archive resolvent,CORE-FORMALIZED,D0.Geometry.ArchiveResolventCompactness,
D0-SPECTRAL-ACTION-ADMISS-001,spectral action admiss,CERT-CLOSED,D0.Geometry.SpectralActionAdmissibility,vp_spectral_action_eh_coefficient.py;vp_spectral_action_expansion_stability.py
D0-HST-ARCHIVE-001,hst archive,CERT-CLOSED,D0.Probability.HSTExternalInterface,vp_archive_subgaussian_hst_admissibility.py;vp_archive_convex_order_domination.py
D0-ARCHIVE-ENTROPY-001,archive entropy,CERT-CLOSED,D0.Probability.EntropyCouplingKernel,vp_archive_entropy_softmax_coupling.py
D0-DM-CLASSICALITY-001,dm classicality,CERT-CLOSED,D0.Detector.WeakCouplingClassicalization,vp_dm_classicality_guardrail.py
D0-ARCHIVE-GAUSSIAN-CHANNEL-001,archive gaussian channel,CORE-FORMALIZED,D0.Probability.ArchiveClassicalGaussianChannel,
D0-GRAV-QNM-001,grav qnm,NO_GO_PROVED,D0.Gravity.BoundaryRelaxationSpectrum,vp_qnm_delta0_overtone_ladder.py
D0-GENERATION-RAYS-001,generation rays,NO_GO_PROVED,D0.Spectrum.GenerationSpectralRays,
D0-GEN-INDEX-001,gen index,CORE-FORMALIZED,D0.Spectrum.BranchDefectProjectiveGeneration,vp_pi0_branch_defect_generation.py
D0-GEN-MASS-001,gen mass,NO_GO_PROVED,D0.Spectrum.BranchDefectProjectiveControls,vp_pi0_branch_defect_generation.py
D0-ARCHIVE-PHASE-DISTANCE,archive phase distance,CORE-FORMALIZED,D0.Geometry.ArchivePhaseDistance,
D0-ARCHIVE-LAPLACIAN-PHASE-NATURALITY,archive laplacian phase naturality,NO_GO_PROVED,D0.Geometry.ArchiveLaplacianPhaseNaturality,
D0-ARCHIVE-PHASE-CURVATURE,archive phase curvature,CORE-FORMALIZED,D0.Geometry.ArchivePhaseCurvatureObstruction,
D0-ARCHIVE-LAPLACIAN-RG,archive laplacian rg,CORE-FORMALIZED,D0.Geometry.ArchiveLaplacianRG,vp_archive_laplacian_rg_flow.py
D0-ARCHIVE-SEAM-CURVATURE-001,archive seam curvature,CORE-FORMALIZED,D0.Geometry.ArchiveCurvatureDensity,vp_archive_seam_curvature_action.py
D0-ARCHIVE-ACTION-001,archive action,CORE-FORMALIZED,D0.Geometry.ArchiveActionFunctional,vp_archive_seam_curvature_action.py
D0-ARCHIVE-FIELD-EQ-001,archive field eq,CORE-FORMALIZED,D0.Geometry.ArchiveFieldEquation,vp_archive_variational_field_equation.py
D0-ARCHIVE-BIANCHI-001,archive bianchi,CORE-FORMALIZED,D0.Geometry.ArchiveBianchiIdentity,vp_archive_variational_field_equation.py
D0-MATTER-STRESS-COUPLING-001,matter stress coupling,CORE-FORMALIZED,D0.Matter.ArchiveStressCoupling,
D0-ARCHIVE-VARIATION-DUAL-001,archive variation dual,CORE-FORMALIZED,D0.Geometry.ArchiveVariationDual,
D0-ARCHIVE-STRESS-REP-001,archive stress rep,CORE-FORMALIZED,D0.Geometry.ArchiveStressRepresentative,
D0-ARCHIVE-WEAK-FIELD-001,archive weak field,CORE-FORMALIZED,D0.Geometry.ArchivePoissonEquation,vp_archive_weak_field_poisson.py
D0-MATTER-SOURCE-NEUTRALITY-001,matter source neutrality,CORE-FORMALIZED,D0.Matter.GeneratedMatterSource,
D0-MATTER-REP-001,matter rep,CORE-FORMALIZED,D0.Matter.GenerationMultiplicity,
D0-MATTER-ANOMALY-001,matter anomaly,CORE-FORMALIZED,D0.Matter.GenerationAnomalyPreservation,
D0-GEOM-OBSTRUCT-001,geom obstruct,CORE-FORMALIZED,D0.Geometry.ArchiveCurvatureObstruction,
D0-ARCHIVE-STRESS-CONSERVATION-001,archive stress conservation,CORE-FORMALIZED,D0.Frozen.ConservedStressProjection,
D0-ARCHIVE-SCALAR-REDUCTION-001,archive scalar reduction,CORE-FORMALIZED,D0.Active.ScalarPoissonReduction,
D0-MATTER-LOCALIZATION-001,matter localization,CORE-FORMALIZED,D0.Active.NonzeroMatterSourceNeutrality,
D0-COSMO-HOMOGENEOUS-FIXED-POINT-001,cosmo homogeneous fixed point,CORE-FORMALIZED,D0.Cosmology.ArchiveHomogeneousState,
D0-COSMO-ZERO-MEAN-UNDERDENSE-001,cosmo zero mean underdense,CORE-FORMALIZED,D0.Cosmology.ZeroMeanModes,
D0-COSMO-TRANSIENT-ACCELERATION-001,cosmo transient acceleration,CORE-FORMALIZED,D0.Cosmology.TransientAcceleration,
D0-COSMO-INSTABILITY-SATURATION-001,cosmo instability saturation,CORE-FORMALIZED,D0.Cosmology.InstabilitySaturation,vp_archive_friedmann_instability.py
D0-COSMO-ENTROPY-FLOW-FIXED-POINT-001,cosmo entropy flow fixed point,CORE-FORMALIZED,D0.Cosmology.EntropyArchiveFlow,
D0-COSMO-JACOBIAN-INSTABILITY-001,cosmo jacobian instability,CORE-FORMALIZED,D0.Cosmology.LinearizedEntropyFlow,
D0-COSMO-VOLUME-FLOOR-BOUND-001,cosmo volume floor bound,CORE-FORMALIZED,D0.Cosmology.ArchiveVolumeBounds,
D0-COSMO-CONCRETE-FLOW-001,cosmo concrete flow,CORE-FORMALIZED,D0.Cosmology.ConcreteEntropyArchiveFlow,
D0-COSMO-JACOBIAN-SIGN-001,cosmo jacobian sign,CORE-FORMALIZED,D0.Cosmology.EntropyJacobianSign,
D0-COSMO-FLOOR-PROJECTION-001,cosmo floor projection,CORE-FORMALIZED,D0.Cosmology.FloorMassProjection,
D0-COSMO-TICK-GAUGE-EQUIV-001,cosmo tick gauge equiv,CORE-FORMALIZED,D0.Geometry.ArchiveTickGaugeFixing,
D0-COSMO-WATER-FILLING-001,cosmo water filling,CORE-FORMALIZED,D0.Probability.ArchiveFloorWaterFilling,
D0-COSMO-CONFORMAL-TRACE-001,cosmo conformal trace,CORE-FORMALIZED,D0.Geometry.ConformalLaplacianTrace,
D0-GEOM-HEAT-TRACE-EH-PROXY-001,geom heat trace eh proxy,CORE-FORMALIZED,D0.Geometry.HeatTraceEHProxy,
D0-COSMO-CORE-SHAPE-PASSPORT-BOUNDARY-001,cosmo core shape passport boundary,CORE-FORMALIZED,D0.Cosmology.CoreShapePassportBoundary,
D0-GEOM-HEAT-TRACE-A2-DECOMP-001,geom heat trace a2 decomp,CORE-FORMALIZED,D0.Geometry.HeatTraceA2Decomposition,vp_spectral_action_eh_coefficient.py
D0-GEOM-SPECTRAL-ACTION-LADDER-001,geom spectral action ladder,CORE-FORMALIZED,D0.Geometry.SpectralActionLadder,vp_spectral_action_eh_coefficient.py
D0-GEOM-HIGHER-CURVATURE-FLOOR-BOUND-001,geom higher curvature floor bound,CORE-FORMALIZED,D0.Geometry.HigherCurvatureSuppression,vp_spectral_action_eh_coefficient.py
D0-TRACEABILITY-STATUS-TAXONOMY-001,traceability status taxonomy,CORE-FORMALIZED,D0.Traceability.StatusTaxonomy,
D0-OPERATOR-GAUGE-CURVATURE-ORIGIN-001,operator gauge curvature origin,CORE-FORMALIZED,D0.Matter.GaugeCurvatureOrigin,
D0-OPERATOR-VECTOR-LAPLACIAN-ORIGIN-001,operator vector laplacian origin,CORE-FORMALIZED,D0.Matter.VectorOperatorOrigin,
D0-OPERATOR-EDGE-STIFFNESS-ORIGIN-001,operator edge stiffness origin,CORE-FORMALIZED,D0.Geometry.EdgeStiffnessOrigin,
D0-NO-GO-BARE-ARCHIVE-NONABELIAN-001,no go bare archive nonabelian,NO-GO,D0.Bridge.OperatorOriginIndex,
D0-NO-GO-EDGE-STIFFNESS-SCALAR-LEAKAGE-001,no go edge stiffness scalar leakage,NO-GO,D0.Geometry.EdgeStiffnessOrigin,
D0-NO-GO-FLAT-TENSOR-NONABELIAN-001,no go flat tensor nonabelian,NO-GO,D0.Gauge.FlatTensorNoGo,
D0-GAUGE-NONABELIAN-DISCRETE-CURVATURE-001,gauge nonabelian discrete curvature,CORE-FORMALIZED,D0.Gauge.NonAbelianDiscreteCurvature,
D0-GAUGE-BIANCHI-RESIDUAL-BOUNDARY-001,gauge bianchi residual boundary,NO-GO,D0.Gauge.BianchiResidual,
D0-GAUGE-YANG-MILLS-KILLING-POSITIVITY-001,gauge yang mills killing positivity,BRIDGE-ASSUMPTIONS-EXPLICIT,D0.Gauge.YangMillsKillingPositivity,
D0-FINAL-BRIDGE-INDEX-001,final bridge index,CORE-FORMALIZED,D0.Bridge.FinalBridgeIndex,
D0-HURWITZ-LOCAL-BOUNDARY-001,hurwitz local boundary,CORE-FORMALIZED,D0.Algebra.HurwitzLocalBoundary,
D0-EXTERNAL-BACKGROUND-HURWITZ-GLOBAL-CLASSIFICATION-001,external background hurwitz global classification,EXTERNAL-BACKGROUND,D0.Algebra.D0InternalDimensionSelector,
D0-GAUGE-MATRIX-REP-TRANSFORM-001,gauge matrix rep transform,CORE-FORMALIZED,D0.Gauge.MatrixRepGaugeTransform,
D0-NO-GO-ABSTRACT-LIERING-FINITE-TRANSFORM-001,no go abstract liering finite transform,NO-GO,D0.Gauge.MatrixRepGaugeTransform,
D0-GAUGE-BIANCHI-GRADED-DEPRECATED-001,gauge bianchi graded deprecated,DEPRECATED,D0.Gauge.MatrixRepGaugeTransform,
D0-BRIDGE-SI-CALIBRATION-BOUNDARY-001,bridge si calibration boundary,BRIDGE-CALIBRATION,D0.Bridge.SICalibrationBoundary,vp_si_calibration_boundary.py
D0-HURWITZ-INTERNAL-DIMENSION-SELECTOR-001,hurwitz internal dimension selector,CORE-FORMALIZED,D0.Algebra.D0InternalDimensionSelector,
D0-GAUGE-WILSON-LINK-COVARIANCE-001,gauge wilson link covariance,CORE-FORMALIZED,D0.Gauge.WilsonLinkGaugeCovariance,
D0-NO-GO-NAIVE-LOCAL-GAUGE-COVARIANCE-001,no go naive local gauge covariance,NO-GO,D0.Gauge.WilsonLinkGaugeCovariance,
D0-GRADED-BIANCHI-EXACT-001,graded bianchi exact,CORE-FORMALIZED,D0.Gauge.GradedBianchiIdentity,
D0-NO-GO-UNGRADED-BIANCHI-RESIDUAL-001,no go ungraded bianchi residual,NO-GO,D0.Gauge.GradedBianchiIdentity,
D0-BRIDGE-SI-CALIBRATION-CLOSURE-001,bridge si calibration closure,BRIDGE-CALIBRATION,D0.Bridge.SICalibrationClosure,
D0-INTERPRETATION-SPINE-001,interpretation spine,CORE_BRIDGE_SPLIT,D0.Bridge.InterpretationSpine,
D0-TORUS-CORE13-GEOMETRY-001,torus core13 geometry,CORE-FORMALIZED,D0.Geometry.TorusCore13GeometryOrigin,vp_torus_core13_geometry_origin.py
D0-TORUS-GENERATION-SELECTOR-001,torus generation selector,CORE-FORMALIZED,D0.Matter.GenerationSelectorOrigin,vp_generation_selector_origin.py
D0-TORUS-GENERATION-OVERLAP-001,torus generation overlap,CORE-FORMALIZED,D0.Matter.GenerationOverlapResponseOrigin,vp_generation_selector_origin.py
D0-BORN-QUADRATIC-ORIGIN-001,born quadratic origin,CORE-FORMALIZED,D0.Core.BornQuadraticOrigin,vp_born_quadratic_origin.py
D0-CKM-NONTRIVIAL-FLAVOUR-ALGEBRA-001,ckm nontrivial flavour algebra,CORE-FORMALIZED,D0.Matter.CKMNontrivialFlavourAlgebra,vp_generation_overlap_response_origin.py
D0-QUASI009-CKM-PHASON-HOLONOMY-001,quasi009 ckm phason holonomy,CERT-CLOSED,,vp_ckm_phason_holonomy_k0.py
D0-MESON-POSITIVE-DEFECT-TRANSFER-001,meson positive defect transfer,CORE-FORMALIZED,D0.Matter.MesonDefectTransferOrigin,vp_meson_positive_defect_transfer.py
D0-GRAVITY-ENTROPIC-ARCHIVE-001,gravity entropic archive,CORE-FORMALIZED,D0.Gravity.EntropicArchiveInterface,vp_entropic_archive_gravity.py
D0-GRAVITY-MACRO-EINSTEIN-INTERFACE-001,gravity macro einstein interface,CORE_BRIDGE_SPLIT,D0.Gravity.MacroEinsteinInterface,vp_macro_einstein_interface.py
D0-TORAL-AUTOMORPHISM-GALOIS-BALANCE-001,toral automorphism galois balance,CORE-FORMALIZED,D0.Dynamics.ToralAutomorphism;D0.Dynamics.GaloisConjugateBalance;D0.Dynamics.DarkSectorCoarseGrain,vp_toral_automorphism_galois_balance.py
D0-TRACE-HEAT-CAPACITY-GRAVITY-001,trace heat capacity gravity,CORE_BRIDGE_SPLIT,D0.Core.FixedDetectorTimeLadder;D0.Dynamics.TraceHeatCapacityGravity,vp_trace_heat_capacity_gravity.py
D0-MASTER-EVOLUTION-001,master evolution,CORE-FORMALIZED,D0.Dynamics.MasterEvolutionTheorem,vp_master_evolution_theorem.py
D0-INFORMATION-QUASICRYSTAL-PHASE-UNFOLDING-001,information quasicrystal phase unfolding,CORE-FORMALIZED,D0.Geometry.HurwitzRigidPhaseGenerator;D0.Geometry.PhaseReturnBranchCount;D0.Geometry.PhaseUnfoldingQuasicrystal,vp_information_quasicrystal_phase_unfolding.py
D0-CONDENSED-PHI-VACUUM-CUT-PROJECT-001,condensed phi vacuum cut project,CORE-FORMALIZED,D0.Condensed.CondensedPhiVacuum;D0.Physics.QuasicrystalPhenomenology,vp_condensed_phi_vacuum_cut_project.py
D0-QUASICRYSTAL-PHENOMENOLOGY-OPERATOR-ORIGIN-001,quasicrystal phenomenology operator origin,CORE-FORMALIZED,D0.Physics.QuasiGenerationsInflation;D0.Physics.ArchivePhasonDarkMatter;D0.Physics.WindowOffsetChirality;D0.Physics.PhasonFlipInertia;D0.Physics.WindowFractionalCharge;D0.Physics.QuasicrystalPhenomenology,vp_quasicrystal_phenomenology_operator_origin.py
D0-QUASI008-PHASON-FLIP-ENTROPY-SDE-001,quasi008 phason flip entropy sde,CORE-FORMALIZED,D0.Cosmology.PhasonFlipEntropy,vp_phason_flip_entropy_sde.py
D0-QUASI006-GALOIS-LORENTZ-SIGNATURE-001,quasi006 galois lorentz signature,CORE-FORMALIZED,D0.Physics.GaloisLorentzSignature,vp_galois_lorentz_signature.py
D0-QUASI002-PHASON-STRAIN-GENERATIONS-BARYON-001,quasi002 phason strain generations baryon,CORE-FORMALIZED,D0.Matter.PhasonStrainGenerations,vp_quasi002_phason_strain_generations_baryon.py
D0-QUASI007-MESON-PHASON-DOMAIN-WALLS-001,quasi007 meson phason domain walls,CERT-CLOSED,,vp_phason_domain_wall_mesons.py
D0-ICECUBE-001,icecube,EMPIRICAL-PASSPORT,D0.Matter.NeutrinoPhasonWaves;D0.Passport.IceCubePhasonDecoherence,vp_neutrino_phason_decoherence_passport.py
D0-NO-GO-STRESS-SUITE-001,no go stress suite,NO_GO_PROVED,D0.NoGo.StressTestSuite,vp_no_go_stress_test_suite.py
D0-HULL-001,hull,CORE-FORMALIZED,D0.Claims.KTheoryGapModule,vp_d0_tiling_hull.py
D0-KTHEORY-001,ktheory,CERT-CLOSED,,vp_gap_labeling_d0_tiling_hull.py
D0-SOLENOID-001,solenoid,CERT-CLOSED,,vp_noncommutative_solenoid_gravity.py
D0-SOLENOID-GRAVITY-001,solenoid gravity,CERT-CLOSED,,vp_noncommutative_solenoid_gravity.py
D0-MESON-K0-001,meson k0,CERT-CLOSED,,vp_phason_domain_wall_mesons.py
D0-CKM-K0-001,ckm k0,CERT-CLOSED,,vp_ckm_phason_holonomy_k0.py
D0-SDE-K0-001,sde k0,CERT-CLOSED,,vp_phason_flip_entropy_sde.py
D0-SRC-001,src,CORE-FORMALIZED,D0.Matter.NuclearShellContactSRC,vp_nuclear_shell_contact_src.py
D0-SRC-NOGO-001,src nogo,NO_GO_PROVED,D0.Matter.NuclearShellContactSRC,vp_nuclear_shell_contact_src.py
D0-CVFT-001A,cvfta,CORE-FORMALIZED,D0.Dynamics.InternalFeedbackResolvent;D0.Cosmology.FeedbackPartitionFunction,vp_closed_vacuum_feedback_full_wave.py
D0-CVFT-001B,cvftb,PROOF-TARGET,,
D0-CVFT-NOGO-001,cvft nogo,NO_GO_PROVED,D0.Dynamics.InternalFeedbackResolvent;D0.Cosmology.FiniteFeedbackEquationOfState;D0.Matter.TerminalFeedbackModes;D0.Cosmology.SDEFeedbackReduction,vp_closed_vacuum_feedback_full_wave.py
D0-CVFT-F1,cvft f1,NO-GO,D0.Spectral.DeltaAlphaResidueBlocked,vp_feshbach_residue_amplitudes.py
D0-CVFT-F2,cvft f2,PROOF-TARGET,,vp_horizon_emission_conjugate_feedback.py
D0-CVFT-F3,cvft f3,CERT-CLOSED,,vp_cvft_baryon_s3_scaffold.py
D0-CVFT-F3B,cvft f3b,CORE-FORMALIZED,D0.Matter.BaryonSpinFlavourRanks,vp_cvft_baryon_spin_flavour_40_56.py
D0-CVFT-F4,cvft f4,CERT-CLOSED,,vp_cvft_uv_feedback_tail_bound_refined.py;vp_cvft_ueff_pole_discipline.py
D0-CVFT-F5,cvft f5,PROOF-TARGET,,
D0-CVFT-F6,cvft f6,PROOF-TARGET,,vp_gauge_boundary_commutator_obstruction.py
D0-CVFT-F7,cvft f7,CERT-CLOSED,,vp_cvft_boundary_channel_rank.py;vp_cvft_refined_logdet_rank_bound.py
D0-CVFT-F8,cvft f8,PROOF-TARGET,,
D0-IM-001,im,CORE-FORMALIZED,D0.IM.SelfSubstrateTrace,vp_self_substrate_trace_principle.py
D0-IM-002,im 002,CORE-FORMALIZED,D0.IM.FractalTick,vp_fractal_tick_informational_mechanics.py
D0-IM-003,im 003,CORE-FORMALIZED,D0.IM.ContinuumFromFractalTick,vp_continuum_from_fractal_tick.py
D0-IM-004,im 004,CORE-FORMALIZED,D0.Topology.WitnessHalting,vp_mobius_witness_topological_halting.py
D0-FOUND-004,found 004,CORE-FORMALIZED,D0.Core.BornQuadraticResponse,vp_quadratic_peel_born_holography.py
D0-GRAV-004,grav 004,CORE-FORMALIZED,D0.Gravity.MeasurementHorizonEquivalence,vp_measurement_horizon_equivalence.py
D0-GRAV-005,grav 005,CORE-FORMALIZED,D0.Gravity.OpticalJetBackreaction,vp_optical_jet_backreaction.py
D0-IM-005,im 005,CORE-FORMALIZED,D0.IM.FractalContinuumAndWitnessHalting,vp_continuum_from_fractal_tick.py
D0-GRAV-006,grav 006,CORE-FORMALIZED,D0.Gravity.HorizonJetAndBaryonPole,vp_horizon_jet_axis_observable.py
D0-EDGE-001,edge,DEPRECATED,,
D0-EDGE-002,edge 002,PROOF-TARGET,,
D0-EDGE-ALPHA-001,edge alpha,CORE-FORMALIZED,D0.Spectral.ZetaResidueAlpha,vp_edge_alpha_trace_constructive.py
D0-IM-COSMO-001,im cosmo,CORE-FORMALIZED,D0.Cosmology.ArchiveConvexity,vp_relative_archive_acceleration_cosmology_bridge.py
D0-IM-COSMO-002,im cosmo 002,CORE-FORMALIZED,D0.IM.ArchivePressureCoupling,vp_archive_pressure_coupling_from_relative_acceleration.py
D0-IM-COSMO-003,im cosmo 003,CORE-FORMALIZED,D0.IM.StrongLogdetPressure,vp_strong_logdet_pressure_coupling.py
D0-IM-COSMO-004,im cosmo 004,CORE-FORMALIZED,D0.IM.LogdetSecondResponse,vp_logdet_second_response_and_stability.py
D0-PUB-001,pub,PROOF-TARGET,,
D0-QUANT-MET-001,quant met,CORE-FORMALIZED,D0.Metrology.QuantumLimits,vp_quantum_metrology_limits.py
D0-QUANT-MET-002,quant met 002,CORE-FORMALIZED,D0.Metrology.PSDPurification,vp_quantum_metrology_limits.py
D0-QUANT-MET-003,quant met 003,PROOF-TARGET,D0.Metrology.Phi2Flux,
D0-QUANT-MET-004,quant met 004,PROOF-TARGET,D0.Metrology.PhasonBragg,
D0-XI5-TORUS-DEFECT-001,xi5 torus defect,CORE-FORMALIZED,D0.Claims.Xi5TorusDefect,vp_xi5_torus_defect.py
D0-VIETA-GALOIS-ABCD-001,vieta galois abcd,CORE-FORMALIZED,D0.Claims.VietaGaloisAbcd,vp_vieta_galois_abcd.py
D0-KERNEL-ZONE-SPLIT-001,kernel zone split,CORE-FORMALIZED,D0.Claims.KernelZoneSplit,vp_kernel_zone_split.py
D0-DIM-LADDER-COMPACT-001,dim ladder compact,CORE-FORMALIZED,D0.Claims.DimLadderCompact,vp_dim_ladder_compact.py
D0-BH-CAPACITY-A4-001,bh capacity a4,CORE-FORMALIZED,D0.Gravity.BlackHoleCapacityA4,vp_black_hole_capacity_a4_witness.py
D0-HODGE-001,hodge,CORE-FORMALIZED,D0.Topology.BoundaryBoundary;D0.Topology.FiniteCochainNoAxion,vp_finite_hodge_complex_core.py
D0-MINCUT-001,mincut,CERT-CLOSED,,vp_finite_mincut_holographic_entropy.py
D0-SPIN2-001,spin2,CORE-FORMALIZED,D0.Claims.Spin2TT,vp_finite_spin2_wave_operator_concrete.py
D0-SPECTRAL-EINSTEIN-001,spectral einstein,PROOF-TARGET,,
D0-NOAXION-001,noaxion,CORE-FORMALIZED,D0.Topology.FiniteCochainNoAxion,vp_no_axion_finite_cochain.py
D0-NONABELIAN-SEAM-001,nonabelian seam,CORE-FORMALIZED,D0.Claims.NonabelianSeamGap,vp_nonabelian_seam_gap.py
D0-HODGE-LINKS-001,hodge links,PROOF-TARGET,,
D0-MASTER-BOOTSTRAP-001,master bootstrap,CERT-CLOSED,,vp_master_bootstrap_and_volume_derivative.py
D0-MESON-DEFECT-ALGEBRA-001,meson defect algebra,CERT-CLOSED,,vp_meson_defect_transfer_algebra.py
D0-HIGGS-YUKAWA-001,higgs yukawa,CORE-FORMALIZED,D0.Claims.HiggsYukawaBlock,vp_higgs_yukawa_section_transfer.py
D0-CANONICAL-OP-001,canonical op,CERT-CLOSED,,vp_canonical_operator_search.py
D0-CKM-EXACT-001,ckm exact,CORE-FORMALIZED,D0.Claims.CkmExactMatrix,vp_ckm_exact_matrix_certificate.py
D0-LEPTON-002,lepton 002,CERT-CLOSED,,vp_charged_lepton_transfer_certificate.py
D0-NEUTRON-002,neutron 002,CERT-CLOSED,,vp_neutron_lifetime_rate_closure.py
D0-PROTON-001,proton,CORE-FORMALIZED,D0.Matter.ProtonReadout306,vp_proton_terminal_destructive_readout.py
D0-GRAV-002,grav 002,CERT-CLOSED,,vp_single_section_gravity_completion.py
D0-EW-002,ew 002,CERT-CLOSED,,vp_higgs_anchor_projector.py
D0-FTHEORY-001,ftheory,CERT-CLOSED,,vp_ftheory_lw2016_d0_filter.py
D0-FTHEORY-002,ftheory 002,CERT-CLOSED,,vp_ftheory_lw2016_chiral_recombination_layer.py
D0-BARYON-S3-SYM-001,baryon s3 sym,CORE-FORMALIZED,D0.Matter.PhasonStrainGenerations,vp_baryon_s3_tensor_symmetrizer.py
D0-BOOK04-SELECTORS-001,book04 selectors,CORE-FORMALIZED,D0.Claims.Book04Selectors,vp_book04_centered_full_support_selectors.py
D0-BOOK04-SELECTORS-002,book04 selectors 002,CORE-FORMALIZED,D0.Matter.Book04CombinatorialSelectorOrigins,vp_book04_combinatorial_selector_origins.py
D0-HEAT-TRACE-FIT-001,heat trace fit,CERT-CLOSED,,vp_archive_heat_trace_expansion_fit.py
D0-METRO-002,metro 002,CERT-CLOSED,,vp_calibration_dag_and_lambda_section_rigidity_20260522.py
D0-COSMO-003,cosmo 003,CERT-CLOSED,,vp_boundary_dark_survey_driver_kernel.py
D0-COSMO-002,cosmo 002,CERT-CLOSED,,vp_final_survey_likelihood_and_baryon_form_factor_closure_20260522.py
D0-DUSTY-PLASMA-001,dusty plasma,PROOF-TARGET,,vp_dusty_plasma_d0_mapping.py
D0-CRITICAL-COLLAPSE-001,critical collapse,CORE_BRIDGE_SPLIT,,vp_critical_collapse_dss_echo_lattice.py
D0-PASSPORT-CORE13-001,passport core13,EMPIRICAL-PASSPORT,,vp_core13_shell_geometry_passport.py
D0-PASSPORT-DESI-BAO-001,passport desi bao,PROOF-TARGET,,vp_desi_bao_sde_failure_diagnostics.py
D0-PASSPORT-ICECUBE-HESE-001,passport icecube hese,PROOF-TARGET,,vp_icecube_hese_baseline_comparison.py
D0-PASSPORT-LIGO-CATALOG-001,passport ligo catalog,PROOF-TARGET,,vp_ligo_merger_mass_defect_current_catalog.py
D0-PASSPORT-PDG-STRICT-001,passport pdg strict,EMPIRICAL-PASSPORT,,vp_pdg_strict_passport.py
D0-PASSPORT-SPARC-001,passport sparc,PROOF-TARGET,,vp_sparc_hull_boundary_response_kernel.py
D0-NOGO-LIGO-DISCOVERY-001,nogo ligo discovery,NO-GO,,vp_ligo_discovery_negative_control.py
D0-Q8-DEDEKIND-MINIMALITY-001,q8 dedekind minimality,CORE-FORMALIZED,D0.Claims.Q8DedekindMinimality,vp_q8_dedekind_minimality.py
D0-WINDOW44-GROUP-SPECTRUM-001,window44 group spectrum,CORE-FORMALIZED,D0.Claims.Window44GroupSpectrum,vp_window44_group_spectrum.py
D0-TIME-2D-PISOT-001,time 2d pisot,CORE-FORMALIZED,D0.Claims.Time2DPisot,vp_time_2d_pisot.py
D0-MIXING-HIERARCHY-INVERSION-001,mixing hierarchy inversion,CORE-FORMALIZED,D0.Claims.MixingHierarchyInversion,vp_mixing_hierarchy_inversion.py
D0-SIGNATURE-31-SPLIT-001,signature 31 split,CORE-FORMALIZED,D0.Claims.Signature31Split,vp_signature_31_split.py
D0-ALPHA-ZETA-RESIDUE-001,alpha zeta residue,CORE-FORMALIZED,D0.Spectral.ZetaResidueAlpha,vp_zeta_residue_alpha.py
D0-Z2-SPINOR-COVER-001,z2 spinor cover,CORE-FORMALIZED,D0.Synthesis.Z2SpinorCover,vp_z2_spinor_cover.py
D0-TIME-MODULAR-FLOW-001,time modular flow,CERT-CLOSED,,vp_quasicrystal_time_sturmian.py
D0-CARRIER-FULL-FORCING-001,carrier full forcing,CORE-FORMALIZED,D0.Synthesis.CarrierForcing,vp_carrier_full_forcing.py
D0-SYMPLECTIC-GLEASON-001,symplectic gleason,CORE-FORMALIZED,D0.Synthesis.CarrierForcing,vp_symplectic_gleason_uniqueness.py
D0-CLASS5-ALIASING-001,class5 aliasing,CORE-FORMALIZED,D0.Claims.Class5Aliasing,vp_class5_aliasing_cabibbo.py
D0-VACUUM-CUBIC-WINDOW-001,vacuum cubic window,CERT-CLOSED,,vp_vacuum_cubic_window.py
D0-GRAVASTAR-FORMATION-BRIDGE-001,gravastar formation bridge,CERT-CLOSED,,vp_gravastar_os_arrest.py
D0-COMPACTNESS-LIMIT-001,compactness limit,CERT-CLOSED,,vp_gravastar_compactness.py
D0-GRAVASTAR-GW-FALSIFIER-001,gravastar gw falsifier,EMPIRICAL-PASSPORT,,vp_gravastar_gw_falsifier.py
D0-PHASON-FORCING-001,phason forcing,CERT-CLOSED,,vp_phason_forcing.py
D0-PMNS-DELTA0-NUFIT-001,pmns delta0 nufit,EMPIRICAL-PASSPORT,,vp_pmns_delta0_nufit.py;vp_pmns_baseline_correction.py
D0-H0-EVOLVING-W-001,h0 evolving w,PROOF-TARGET,,vp_h0_evolving_w.py
D0-PHASON-THAWING-001,phason thawing,CORE-FORMALIZED,D0.Cosmology.ArchiveConvexity,vp_phason_thawing.py
D0-E8-COLDEA-ANCHOR-001,e8 coldea anchor,CERT-CLOSED,,vp_e8_coldea_anchor.py
D0-RANK3-CAUSAL-CONE-001,rank3 causal cone,CORE-FORMALIZED,D0.Synthesis.RankCausalCone,
D0-DELTA-ALPHA-EXACT-001,delta alpha exact,CORE-FORMALIZED,D0.Spectral.DeltaAlphaExact,vp_delta_alpha_exact.py
D0-DELTA-ALPHA-MOMENT-001,delta alpha moment,CORE-FORMALIZED,D0.Spectral.DeltaAlphaMoment,vp_delta_alpha_pi0_moment.py
D0-MASS-CHAIN-001,mass chain,CERT-CLOSED,,vp_mass_chain_alpha.py
D0-KTHEORY-GAP-MODULE-001,ktheory gap module,CORE-FORMALIZED,D0.Claims.KTheoryGapModule,vp_ktheory_gap_labels_finite.py
D0-EW-WINDOW-FORCING-001,ew window forcing,CERT-CLOSED,,vp_ew_window_forcing.py
D0-HIGGS-CUBE-DIAGONAL-001,higgs cube diagonal,BRIDGE-CALIBRATION,,vp_higgs_cube_forcing.py
D0-COMPACTNESS-DEF-FORCING-001,compactness def forcing,CORE-FORMALIZED,D0.Gravity.CompactnessLimit,vp_compactness_def_forcing.py
D0-PHI99-DEPTH-FORCING-001,phi99 depth forcing,CERT-CLOSED,,vp_phi99_depth_forcing.py
D0-ICOSIAN-E8-GRAM-001,icosian e8 gram,CORE-FORMALIZED,D0.Claims.IcosianE8GramFinite,vp_icosian_e8_gram_finite.py
D0-JONES-INDEX-PHI-001,jones index phi,CORE-FORMALIZED,D0.Claims.JonesIndexPhi,vp_jones_index_phi_finite.py
D0-CONNES-RECONSTRUCTION-OWNER-001,connes reconstruction owner,BRIDGE-ASSUMPTIONS-EXPLICIT,D0.Bridge.ConnesReconstructionBridge,
D0-DIXMIER-RESIDUE-OWNER-001,dixmier residue owner,BRIDGE-ASSUMPTIONS-EXPLICIT,D0.Bridge.DixmierTraceBridge,vp_cvft_clifford_fock_capacity.py
D0-RIEFFEL-GHP-CONTINUUM-OWNER-001,rieffel ghp continuum owner,BRIDGE-ASSUMPTIONS-EXPLICIT,D0.Bridge.RieffelGHPBridge,vp_connes_distance_geodesic.py
D0-TIME-MODULAR-FLOW-OWNER-001,time modular flow owner,BRIDGE-ASSUMPTIONS-EXPLICIT,D0.Bridge.TomitaTakesakiBridge,
D0-DIM8-NETWORK-001,dim8 network,CORE-FORMALIZED,D0.Synthesis.DimensionEightNetwork,vp_dim8_network.py
D0-FIBONACCI-IF-FORCING-001,fibonacci if forcing,CERT-CLOSED,D0.Claims.FibonacciIfBridge,vp_fibonacci_if_bridge.py
D0-ADLER-WEISS-PARTITION-OWNER-001,adler weiss partition owner,BRIDGE-ASSUMPTIONS-EXPLICIT,D0.Bridge.AdlerWeissBridge,vp_fibonacci_if_bratteli.py
D0-PACKING-LIMIT-001,packing limit,CERT-CLOSED,,vp_packing_limit_probe.py
D0-COMPLEX-QM-FORCING-001,complex qm forcing,BRIDGE-ASSUMPTIONS-EXPLICIT,D0.Bridge.ComplexQMBridge,
D0-M1-INFO-RECONSTRUCTION-001,m1 info reconstruction,BRIDGE-ASSUMPTIONS-EXPLICIT,D0.Bridge.M1InfoReconstructionBridge,
D0-MODULAR-TIME-FLAVOR-001,modular time flavor,CERT-CLOSED,,vp_modular_time_flavor.py
D0-DSI-EXPERIMENTAL-001,dsi experimental,CERT-CLOSED,,vp_dsi_experimental.py
D0-ENTROPIC-DARK-GRAVITY-001,entropic dark gravity,BRIDGE-ASSUMPTIONS-EXPLICIT,D0.Bridge.VerlindeEntropicBridge,
D0-GENERATIVE-DYNAMICS-001,generative dynamics,CERT-CLOSED,D0.Claims.GluingAnomalyTime,vp_feshbach_schur_dynamics.py;vp_gluing_anomaly_time.py;vp_loop_floor_epsilon.py;vp_rg_forgetting.py
D0-LAPLACIAN-SPECTRUM-FIX-001,laplacian spectrum fix,CORE-FORMALIZED,D0.Spectral.ZoneMatrixSpectrum,vp_laplacian_3x3_correct.py
D0-IF-KS-FORMULA-FIX-001,if ks formula fix,CORE-FORMALIZED,D0.Claims.FibonacciIfBridge;D0.Claims.FibonacciFusionRing,vp_if_kolmogorov_sinai.py
D0-FOURCOLOR-HORIZON-CAPACITY-001,fourcolor horizon capacity,CERT-CLOSED,,vp_fourcolor_horizon_capacity.py
D0-CKM-PMNS-COMPLEMENTARITY-001,ckm pmns complementarity,CERT-CLOSED,,vp_ckm_pmns_orthogonality.py
D0-WINDOW44-TOTIENT-M1-001,window44 totient m1,CERT-CLOSED,,vp_window44_totient_m1.py
D0-TOWER-STOP-NOEXT-001,tower stop noext,CORE-FORMALIZED,D0.Tower.NoExtension,vp_zone_repeat_catalog.py;vp_member_zone_isomorphism.py;vp_degree2_three_types.py
D0-QUASICRYSTAL-CARRIER-FORCING-001,quasicrystal carrier forcing,CERT-CLOSED,,vp_quasicrystal_carrier_forcing.py
D0-QUASICRYSTAL-PROJECTION-001,quasicrystal projection,CERT-CLOSED,,vp_icosahedral_cutproject.py;vp_e8_quasicrystal_slice.py;vp_carrier_not_icosahedral.py
D0-RANK3-CAUSAL-CONE-FORCING-001,rank3 causal cone forcing,CORE_BRIDGE_SPLIT,D0.Synthesis.RankCausalConeForcing,vp_rank3_causal_cone_forcing.py
D0-RANK3-METRIC-TRANSPORT-001,rank3 metric transport,CERT-CLOSED,,vp_rank3_metric_transport.py
D0-CONNES-DISTANCE-GEODESIC-001,connes distance geodesic,CERT-CLOSED,,vp_connes_distance_geodesic.py
D0-CARRIER-NOT-ICOSAHEDRAL-001,carrier not icosahedral,CORE-FORMALIZED,D0.Claims.CarrierNotIcosahedral,vp_carrier_not_icosahedral.py
D0-DETECTION-QUADRATIC-001,detection quadratic,CORE-FORMALIZED,D0.Tower.DetectionQuadratic,vp_detection_quadratic_types.py
D0-UNITY-SPLIT-SPACETIME-001,unity split spacetime,CERT-CLOSED,D0.Synthesis.UnitySplitSpacetime,vp_unity_split_spacetime.py
D0-FROBENIUS-DIVISION-3D-001,frobenius division 3d,BRIDGE-ASSUMPTIONS-EXPLICIT,D0.Foundation.FrobeniusDivision3D,vp_frobenius_division_3d.py
D0-LATTICE-FINITENESS-BRIDGE-001,lattice finiteness bridge,BRIDGE-ASSUMPTIONS-EXPLICIT,,vp_lattice_finiteness_bridge.py
D0-GALOIS-PHI-IRRATIONAL-001,galois phi irrational,CORE-FORMALIZED,D0.Algebra.GaloisPhiNontrivial,
D0-SCENE-ACTIVE-EIGENVALUES-001,scene active eigenvalues,CORE-FORMALIZED,D0.Geometry.SceneActiveEigenvalues,vp_scene_active_eigenvalues_exact.py
D0-PISOT-CONTRACTION-TIME-ARROW-001,pisot contraction time arrow,CORE-FORMALIZED,D0.Dynamics.PisotContraction,
D0-ARCHIVE-LIGHTPROFINITE-001,archive lightprofinite,CORE-FORMALIZED,D0.Geometry.ArchiveLightProfinite,
D0-FORGETTING-CHANNEL-PTP-001,forgetting channel ptp,CORE-FORMALIZED,D0.Probability.ForgettingChannelPTP,
D0-DELONE-PHI-001,delone phi,CORE-FORMALIZED,D0.Topology.DeloneInstance,
D0-FIBONACCI-FUSION-RING-001,fibonacci fusion ring,CORE-FORMALIZED,D0.Claims.FibonacciFusionRing,
D0-FORGETTING-CHANNEL-CP-001,forgetting channel cp,CORE-FORMALIZED,D0.Probability.ForgettingChannelCP,
D0-BRAID-VALENCE-U1-001,braid valence u1,CORE-FORMALIZED,D0.Gauge.BraidValence,
D0-M1-PREDICATE-001,m1 predicate,CORE-FORMALIZED,D0.Foundation.M1Predicate,
D0-HYDRO-NO-BLOWUP-KAPPA-001,hydro no blowup kappa,CORE-FORMALIZED,D0.Dynamics.LatticeHydroNoBlowup,
D0-CONTINUUM-INVLIM-001,continuum invlim,CORE-FORMALIZED,D0.Foundation.ContinuumAsInverseLimit,
D0-BSD-RANK-PASSPORT-001,bsd rank passport,CORE-FORMALIZED,D0.Synthesis.BSDRankNullityPassport,
D0-MASSGAP-COSTQUANTUM-001,massgap costquantum,CORE-FORMALIZED,D0.Gauge.MassGapCostQuantum,
D0-HODGE-M1-REDUCTIO-001,hodge m1 reductio,BRIDGE-ASSUMPTIONS-EXPLICIT,D0.Topology.HodgeAlgebraicRealization,
D0-RIEMANN-AXIS-M1-001,riemann axis m1,BRIDGE-ASSUMPTIONS-EXPLICIT,D0.Spectral.CriticalAxisM1,
D0-PVSNP-LYAPUNOV-M1-001,pvsnp lyapunov m1,BRIDGE-ASSUMPTIONS-EXPLICIT,D0.Complexity.HeatTraceLyapunov,
D0-SEAM-HOLONOMY-001,seam holonomy,CORE-FORMALIZED,D0.Spectral.SeamHolonomy,vp_seam_holonomy_alpha.py
D0-ALPHA-HOLONOMY-002,alpha holonomy 002,CERT-CLOSED,,vp_seam_holonomy_alpha.py
D0-PI0-DISCRETE-ANGLE-001,pi0 discrete angle,CORE-FORMALIZED,D0.Geometry.Pi0DiscreteAngle,vp_pi0_discrete_angle.py
D0-Q8-SIN-CHANNEL-001,q8 sin channel,CORE-FORMALIZED,D0.Spectral.SeamHolonomy,vp_q8_sin_channel.py
D0-PMNS-SEAM-TOPOLOGY-001,pmns seam topology,CORE-FORMALIZED,D0.Matter.PMNSSeamTopology,vp_pmns_seam_topology.py
D0-PMNS-DELTACP-PI0-001,pmns deltacp pi0,PROOF-TARGET,,
D0-XI5-CROSS-SECTOR-001,xi5 cross sector,CORE-FORMALIZED,D0.Claims.Xi5TorusDefect,vp_xi5_cross_sector.py
D0-ALPHA-MEASUREMENT-LIMIT-001,alpha measurement limit,EMPIRICAL-PASSPORT,,vp_alpha_measurement_limit.py
D0-BRIDGE-COMPRESSION-001,bridge compression,CERT-CLOSED,,vp_bridge_compression.py
D0-PHI-CYLINDER-TRACE-UNIQUE-001,phi cylinder trace unique,CERT-CLOSED,,vp_phi_cylinder_trace_unique.py
D0-PHI-CSTAR-PASSPORT-001,phi cstar passport,PASSPORT-CLOSED,,vp_phi_cstar_passport.py
D0-ALPHA-MU2-FULL-LEDGER-001,alpha mu2 full ledger,CERT-CLOSED,,vp_alpha_mu2_full_ledger.py
D0-NEUTRINO-MASS-PASSPORT-001,neutrino mass passport,PASSPORT-CLOSED,,vp_neutrino_mass_passport.py
D0-SMOOTH-MANIFOLD-PASSPORT-001,smooth manifold passport,PASSPORT-CLOSED,,vp_smooth_manifold_passport.py
D0-PHI-LADDER-SEMIGROUP-001,phi ladder semigroup,CERT-CLOSED,,vp_phi_ladder_semigroup.py
D0-ALPHA-MU1-RANKTRACE-001,alpha mu1 ranktrace,CERT-CLOSED,,vp_alpha_mu1_rank_trace.py
D0-ALPHA-ALG-CLOSED-001,alpha alg closed,CERT-CLOSED,,vp_alpha_alg_closed.py
D0-DELTA-ALPHA-SEAM-CLOSED-001,delta alpha seam closed,CERT-CLOSED,,vp_delta_alpha_seam_closed.py
D0-GAUGE-MASS-GAP-PLAQUETTE-001,gauge mass gap plaquette,CERT-CLOSED,,vp_gauge_mass_gap_plaquette.py
D0-PHI-STURMIAN-CYLINDER-CONJUGACY-001,phi sturmian cylinder conjugacy,CERT-CLOSED,,vp_phi_sturmian_cylinder_conjugacy.py
D0-BARYON-ASYMMETRY-DELTA0-001,baryon asymmetry delta0,CERT-CLOSED,D0.Matter.TickS3BaryonAsymmetry,vp_baryon_asymmetry_delta0.py
D0-LEPTON-RAW-GRAPH-COEFFICIENT-OWNER-001,lepton raw graph coefficient owner,PROOF-TARGET,,vp_lepton_raw_graph_owner_manifest.py
D0-BARE-GRAPH-DECIMAL-NOGO-001,bare graph decimal nogo,NO-GO,,vp_bare_graph_decimal_nogo.py
D0-PHI-STURMIAN-PROFINITE-CODE-CONJUGACY-001,phi sturmian profinite code conjugacy,CERT-CLOSED,,vp_phi_sturmian_profinite_code_conjugacy.py
D0-LEPTON-INDIRECT-COEFFICIENT-OWNER-001,lepton indirect coefficient owner,PROOF-TARGET,,vp_lepton_indirect_coefficient_owner.py
D0-PHASON-WZ-KERNEL-ONLY-NOGO-001,phason wz kernel only nogo,NO-GO,D0.Cosmology.PhasonWZTransfer,vp_phason_wz_transfer_owner.py
D0-PHASON-PRESSURE-EOS-SCAFFOLD-001,phason pressure eos scaffold,CERT-CLOSED,D0.Cosmology.PhasonWZTransfer,vp_phason_pressure_eos.py
D0-PHASON-WZ-TRANSFER-OWNER-001,phason wz transfer owner,PROOF-TARGET,,vp_phason_wz_transfer_owner.py
D0-PHASON-WZ-FINITE-SEQUENCE-SCAFFOLD-001,phason wz finite sequence scaffold,CERT-CLOSED,,vp_phason_wz_explicit_function.py
D0-PHASON-WZ-EXPLICIT-FUNCTION-001,phason wz explicit function,PROOF-TARGET,,vp_phason_wz_explicit_function.py
D0-LEPTON-INDIRECT-GREEN-PUISEUX-SCOUT-001,lepton indirect green puiseux scout,CERT-CLOSED,,vp_lepton_green_puiseux_scout.py
D0-ALPHA-FESHBACH-RESIDUE-FINITE-SUM-001,alpha feshbach residue finite sum,CERT-CLOSED,D0.Spectral.AlphaFeshbachDixmierOwner,vp_alpha_feshbach_residue_finite_sum.py
D0-ALPHA-FESHBACH-DIXMIER-OWNER-001,alpha feshbach dixmier owner,PROOF-TARGET,,vp_alpha_feshbach_dixmier_owner.py
D0-NEUTRINO-DELTA-ALPHA-NORM-SQUARE-001,neutrino delta alpha norm square,CERT-CLOSED,D0.Spectral.AlphaFeshbachDixmierOwner,vp_neutrino_delta_alpha_norm_square.py
D0-LEPTON-GREEN-PUISEUX-OPERATOR-001,lepton green puiseux operator,CERT-CLOSED,D0.Matter.LeptonGreenPuiseuxOwner,vp_lepton_green_puiseux_operator.py
D0-LEPTON-STURMIAN-PUISEUX-COEFFICIENTS-001,lepton sturmian puiseux coefficients,CERT-CLOSED,,vp_lepton_sturmian_puiseux_coefficients.py
D0-LEPTON-PUISEUX-DECIMAL-SECTION-001,lepton puiseux decimal section,PROOF-TARGET,,vp_lepton_puiseux_decimal_section.py
D0-LUCAS-VORONOI-MARKOV-PARTITION-001,lucas voronoi markov partition,CERT-CLOSED,D0.Geometry.LucasVoronoiMarkovPartition,vp_lucas_voronoi_markov_partition.py
D0-TORAL-TIME-MARKOV-CONJUGACY-001,toral time markov conjugacy,PROOF-TARGET,D0.Geometry.LucasVoronoiMarkovPartition,vp_toral_time_markov_conjugacy.py
D0-ADLER-WEISS-INTERNAL-CONSTRUCTION-001,adler weiss internal construction,PROOF-TARGET,,vp_adler_weiss_internal_construction.py
D0-PHASON-WDE-SIGN-NORMALIZATION-OWNER-001,phason wde sign normalization owner,CERT-CLOSED,D0.Cosmology.PhasonWDESignNormalization,vp_phason_wde_sign_normalization_owner.py
D0-PHASON-WZ-LOGDET-WINDOW-OWNER-001,phason wz logdet window owner,PROOF-TARGET,,vp_phason_wz_logdet_window_owner.py
D0-PHASON-WZ-CPL-PASSPORT-001,phason wz cpl passport,PASSPORT-CLOSED,,vp_phason_wz_cpl_passport.py
D0-CONNES-GRAPH-DISTANCE-OWNER-001,connes graph distance owner,CERT-CLOSED,,vp_connes_graph_distance_owner.py
D0-GHP-GOLDEN-CAUCHY-BOUND-001,ghp golden cauchy bound,CERT-CLOSED,D0.Geometry.GHPGoldenCauchyBound,vp_ghp_golden_cauchy_bound.py
D0-SMOOTH-MANIFOLD-INTERNAL-LIMIT-001,smooth manifold internal limit,PASSPORT-CLOSED,,vp_smooth_manifold_internal_limit.py
D0-SM-ANOMALY-CANCELLATION-OWNER-001,sm anomaly cancellation owner,CERT-CLOSED,D0.Matter.HyperchargeGraphFlowOwner,vp_sm_anomaly_cancellation_owner.py
D0-HYPERCHARGE-GRAPH-FLOW-OWNER-001,hypercharge graph flow owner,PROOF-TARGET,,vp_hypercharge_graph_flow_owner.py
D0-SM-HYPERCHARGE-MINIMAL-DENOMINATOR-001,sm hypercharge minimal denominator,CERT-CLOSED,D0.Matter.HyperchargeMinimalDenominator,vp_sm_hypercharge_minimal_denominator.py
D0-PAGE-CURVE-FINITE-RANK-OWNER-001,page curve finite rank owner,CERT-CLOSED,D0.Gravity.PageCurveFiniteRankOwner,vp_page_curve_finite_rank_owner.py
D0-BLACK-HOLE-INFORMATION-UNITARITY-OWNER-001,black hole information unitarity owner,CERT-CLOSED,D0.Gravity.PageCurveFiniteRankOwner,vp_black_hole_information_unitarity_owner.py
D0-HORIZON-FESHBACH-RADIATION-OWNER-001,horizon feshbach radiation owner,CERT-CLOSED,,vp_horizon_feshbach_radiation_owner.py
D0-YUKAWA-SHELL-OVERLAP-MATRIX-001,yukawa shell overlap matrix,CERT-CLOSED,D0.Matter.YukawaShellOverlapMatrix,vp_yukawa_shell_overlap_matrix.py
D0-HIGGS-PHASON-CONDENSATION-OWNER-001,higgs phason condensation owner,PROOF-TARGET,,vp_higgs_phason_condensation_owner.py
D0-LEPTON-YUKAWA-HIERARCHY-OWNER-001,lepton yukawa hierarchy owner,PROOF-TARGET,,vp_lepton_yukawa_hierarchy_owner.py
D0-COSMOLOGY-CONNECTIVITY-THRESHOLD-OWNER-001,cosmology connectivity threshold owner,CERT-CLOSED,D0.Cosmology.ReheatingPercolationOwner,vp_connectivity_threshold_owner.py
D0-REHEATING-PERCOLATION-OWNER-001,reheating percolation owner,CERT-CLOSED,D0.Cosmology.ReheatingPercolationOwner,vp_reheating_percolation_owner.py
D0-CMB-PHASON-SPECTRUM-OWNER-001,cmb phason spectrum owner,PROOF-TARGET,,vp_cmb_phason_spectrum_owner.py
D0-INFLATIONLESS-EARLY-UNIVERSE-OWNER-001,inflationless early universe owner,PROOF-TARGET,,vp_inflationless_early_universe_owner.py
D0-HBAR-SYMPLECTIC-CAPACITY-MECH-LIMIT-001,hbar symplectic capacity mech limit,PROOF-TARGET,,vp_hbar_symplectic_capacity_status.py
D0-REHEATING-HEAT-TRACE-JUMP-001,reheating heat trace jump,CERT-CLOSED,D0.Cosmology.ReheatingHeatTraceJump,vp_reheating_heat_trace_jump.py
D0-PAGE-TURNING-POINT-RANK-THEOREM-001,page turning point rank theorem,CERT-CLOSED,D0.Gravity.PageTurningPointRank,vp_page_turning_point_rank.py
D0-CONNECTIVITY-SPECTRAL-GAP-SPEED-001,connectivity spectral gap speed,CERT-CLOSED,D0.Cosmology.CLightconePercolationOwner,vp_connectivity_spectral_gap_speed.py
D0-C-LIGHTCONE-PERCOLATION-OWNER-001,c lightcone percolation owner,CERT-CLOSED,D0.Cosmology.CLightconePercolationOwner,vp_c_lightcone_percolation_owner.py
D0-FIBONACCI-ANYON-UNIQUENESS-001,fibonacci anyon uniqueness,CERT-CLOSED,D0.Geometry.FibonacciAnyonUniqueness,vp_fibonacci_anyon_uniqueness.py
D0-ISING-ANYON-EXCLUSION-001,ising anyon exclusion,NO-GO,D0.Geometry.FibonacciAnyonUniqueness,vp_ising_anyon_exclusion.py
D0-HYPERCHARGE-FLOW-LATTICE-001,hypercharge flow lattice,CERT-CLOSED,D0.Matter.HyperchargeFlowLattice,vp_hypercharge_graph_flow_owner.py
D0-LEPTON-PUISEUX-UNIQUENESS-OBSTRUCTION-001,lepton puiseux uniqueness obstruction,NO-GO,D0.Matter.LeptonPuiseuxUniquenessObstruction,vp_lepton_puiseux_uniqueness_obstruction.py
D0-CKM-CLASS5-PARITY-EXCLUSION-001,ckm class5 parity exclusion,PROOF-TARGET,D0.Matter.CKMClass5ParityExclusion,vp_ckm_class5_parity_exclusion.py
D0-ALPHA-RESIDUE-DELTA-NORMALIZATION-NOGO-001,alpha residue delta normalization nogo,NO-GO,D0.Spectral.DeltaAlphaNormalizationNoGo,vp_alpha_residue_delta_normalization_nogo.py
D0-ASSUMPTION-LEDGER-GREEN-001,assumption ledger green,CERT-CLOSED,D0.Bridge.Assumptions.LindemannLnPhi,vp_assumption_ledger_green.py
D0-DIXMIER-FESHBACH-FINITE-HEATTRACE-001,dixmier feshbach finite heattrace,NO-GO,D0.Spectral.DixmierFeshbachFiniteHeatTrace,vp_dixmier_feshbach_finite_heattrace.py
D0-LEPTON-RIEMANN-HURWITZ-BRANCH-INDEX-001,lepton riemann hurwitz branch index,CERT-CLOSED,D0.Matter.LeptonRiemannHurwitzBranchIndex,vp_lepton_riemann_hurwitz_branch_index.py
D0-PHASON-ARCHIVE-CAPACITY-REDSHIFT-001,phason archive capacity redshift,CERT-CLOSED,D0.Cosmology.PhasonArchiveCapacityRedshift,vp_phason_archive_capacity_redshift.py
D0-PHASON-WDE-Z-MAP-OWNER-001,phason wde z map owner,NO-GO,,vp_phason_wde_z_map_owner.py
D0-WILLIAMS-SHIFT-EQUIVALENCE-OWNER-001,williams shift equivalence owner,CERT-CLOSED,D0.Dynamics.ToralShiftEquivalence,vp_toral_shift_equivalence.py
D0-HYPERCHARGE-ANOMALY-VARIETY-2DIM-001,hypercharge anomaly variety 2dim,NO-GO,D0.Matter.HyperchargeAnomalyVariety,vp_hypercharge_anomaly_variety.py
D0-CMB-NS-LAPLACIAN-IDS-OWNER-001,cmb ns laplacian ids owner,CERT-CLOSED,D0.Cosmology.CMBLaplacianIDS,vp_cmb_ns_laplacian_ids.py
D0-CMB-IDS-SMOOTHING-OWNER-001,cmb ids smoothing owner,PROOF-TARGET,,vp_cmb_ns_laplacian_ids.py
D0-CKM-CLASS5-SELECTOR-OWNER-001,ckm class5 selector owner,CERT-CLOSED,D0.Matter.CKMClass5SelectorOwner,vp_ckm_class5_selector_owner.py
D0-HIGGS-LOGDET-STATIONARY-POTENTIAL-001,higgs logdet stationary potential,CERT-CLOSED,D0.Matter.HiggsLogdetStationary,vp_higgs_logdet_stationary.py
D0-JY-NONCOMMUTATIVE-ORDER-OBSTRUCTION-001,jy noncommutative order obstruction,CERT-CLOSED,D0.Evolution.JYNoncommutativeOrderObstruction,vp_jy_noncommutative_order_obstruction.py
D0-TIME-ARROW-ORDERED-SELF-READOUT-001,time arrow ordered self readout,CERT-CLOSED,D0.Evolution.JYNoncommutativeOrderObstruction,vp_jy_noncommutative_order_obstruction.py
D0-FESHBACH-SCHUR-TIME-DELAY-OWNER-001,feshbach schur time delay owner,CERT-CLOSED,D0.Evolution.FeshbachSchurTimeDelayOwner,vp_feshbach_schur_time_delay_owner.py
D0-ARCHIVE-NEUMANN-TICK-OWNER-001,archive neumann tick owner,CERT-CLOSED,D0.Evolution.FeshbachSchurTimeDelayOwner,vp_archive_neumann_tick_owner.py
D0-PHI-FRACTAL-TICK-DYNAMICS-OWNER-001,phi fractal tick dynamics owner,CERT-CLOSED,D0.Evolution.PhiFractalTickDynamics,vp_phi_fractal_tick_dynamics.py
D0-CONTINUOUS-TIME-SEMIGROUP-ENVELOPE-001,continuous time semigroup envelope,CERT-CLOSED,D0.Evolution.PhiFractalTickDynamics,vp_continuous_time_semigroup_envelope.py
D0-STATIC-TO-DYNAMICS-OWNER-001,static to dynamics owner,CERT-CLOSED,D0.Evolution.StaticToDynamicsOwner,vp_static_to_dynamics_owner.py
D0-DYNAMICS-NOT-PRIMITIVE-CERT-CLOSED-001,dynamics not primitive cert closed,CERT-CLOSED,D0.Evolution.StaticToDynamicsOwner,vp_dynamics_not_primitive.py
D0-CONSTRAINED-HAMILTONIAN-EMBEDDING-PASSPORT-001,constrained hamiltonian embedding passport,PASSPORT-CLOSED,D0.Bridge.ConstrainedHamiltonianEmbeddingPassport,vp_constrained_hamiltonian_embedding_passport.py
D0-NONRECIPROCAL-ACTIVE-DYNAMICS-FORMALISM-BRIDGE-001,nonreciprocal active dynamics formalism bridge,PASSPORT-CLOSED,D0.Bridge.ConstrainedHamiltonianEmbeddingPassport,vp_constrained_hamiltonian_embedding_passport.py
D0-FESHBACH-CONSTRAINT-SUBMANIFOLD-BRIDGE-001,feshbach constraint submanifold bridge,PASSPORT-CLOSED,D0.Bridge.ConstrainedHamiltonianEmbeddingPassport,vp_constrained_hamiltonian_embedding_passport.py
D0-FLOQUET-NONRECIPROCAL-DYNAMICS-BRIDGE-001,floquet nonreciprocal dynamics bridge,PASSPORT-CLOSED,D0.Bridge.ConstrainedHamiltonianEmbeddingPassport,vp_constrained_hamiltonian_embedding_passport.py
D0-CONTINUATION-FINAL-BLOCKER-GRAPH-001,continuation final blocker graph,CERT-CLOSED,,vp_final_continuation_dependency_graph.py
D0-CONTINUATION-NO-STATUS-ONLY-DIFF-001,continuation no status only diff,CERT-CLOSED,,vp_continuation_no_status_only_diff.py
D0-STATIC-DYNAMICS-HAMILTONIAN-BRIDGE-INTEGRATION-001,static dynamics hamiltonian bridge integration,CERT-CLOSED,,vp_static_dynamics_hamiltonian_bridge_integration.py
D0-REHEATING-HEATTRACE-ENERGY-FUNCTIONAL-001,reheating heattrace energy functional,CERT-CLOSED,D0.Cosmology.HeatTraceEnergyFunctional,vp_heat_trace_energy_functional.py
D0-REHEATING-ENERGY-BUDGET-OWNER-001,reheating energy budget owner,CERT-CLOSED,D0.Cosmology.ReheatingEnergyBudgetOwner,vp_reheating_energy_budget_owner.py
D0-INFLATIONLESS-THRESHOLD-ENERGY-OWNER-001,inflationless threshold energy owner,CERT-CLOSED,D0.Cosmology.InflationlessThresholdEnergyOwner,vp_inflationless_threshold_energy_owner.py
D0-REHEATING-NO-INFLATON-NOGO-001,reheating no inflaton nogo,NO-GO,D0.Cosmology.InflationlessThresholdEnergyOwner,vp_inflationless_threshold_energy_owner.py
D0-VERIFIED-CLOSURE-PROTOCOL-001,verified closure protocol,CERT-CLOSED,,vp_verified_closure_protocol.py
D0-REHEATING-PHASON-INITIAL-DATA-OWNER-001,reheating phason initial data owner,CERT-CLOSED,D0.Cosmology.PhasonInitialCovariance,vp_phason_initial_covariance_owner.py
D0-PHASON-INITIAL-COVARIANCE-OWNER-001,phason initial covariance owner,CERT-CLOSED,D0.Cosmology.PhasonInitialCovariance,vp_phason_initial_covariance_owner.py
D0-CMB-FIEDLER-FREEZEOUT-OWNER-001,cmb fiedler freezeout owner,CERT-CLOSED,D0.Cosmology.CMBFiedlerFreezeout,vp_cmb_fiedler_freezeout_owner.py
D0-DARK-RATIO-TRANSFER-OWNER-001,dark ratio transfer owner,CERT-CLOSED,D0.Cosmology.DarkArchiveTransfer,vp_dark_archive_transfer_owner.py
D0-ARCHIVE-PHASON-METRIC-TRANSFER-OWNER-001,archive phason metric transfer owner,CERT-CLOSED,D0.Cosmology.DarkArchiveTransfer,vp_dark_archive_transfer_owner.py
D0-COSMOLOGY-INTERNAL-TRANSFER-COMPOSITION-001,cosmology internal transfer composition,CERT-CLOSED,D0.Cosmology.DarkArchiveTransfer,vp_dark_archive_transfer_owner.py
D0-CMB-NS-SMOOTHING-UNDETERMINED-NOGO-001,cmb ns smoothing undetermined nogo,NO-GO,D0.Cosmology.CMBNsSmoothingUndeterminedNoGo,vp_cmb_ns_smoothing_undetermined_nogo.py
D0-SM-HYPERCHARGE-ROW-OWNER-001,sm hypercharge row owner,CERT-CLOSED,D0.Matter.SMHyperchargeRowOwner,vp_sm_hypercharge_row_owner.py
D0-DSIGMA-CANONICAL-ROLE-ADDRESS-OWNER-001,dsigma canonical role address owner,CERT-CLOSED,D0.Matter.DSigmaRoleTransitionGraph,vp_dsigma_role_transition_graph.py
D0-DSIGMA-ROLE-CYCLE-CARRIER-CANONICAL-NOGO-001,dsigma role cycle carrier canonical nogo,NO-GO,D0.Matter.DSigmaRoleCycleCarrierNoGo,vp_dsigma_role_cycle_carrier_nogo.py
D0-HIGGS-RETURN-QUOTIENT-ACTION-OWNER-001,higgs return quotient action owner,CERT-CLOSED,D0.Matter.HiggsReturnQuotientAction,vp_higgs_return_quotient_action.py
D0-HIGGS-PHASON-ORBIT-TRIVIAL-NOGO-001,higgs phason orbit trivial nogo,NO-GO,D0.Matter.HiggsPhasonOrbitNoGo,vp_higgs_phason_orbit_nontriviality.py
D0-TORAL-INTEGRAL-CONJUGACY-OWNER-001,toral integral conjugacy owner,CERT-CLOSED,D0.Geometry.ToralIntegralConjugacy,vp_toral_integral_conjugacy.py
D0-TORAL-LUCAS-PERIODIC-SEED-OWNER-001,toral lucas periodic seed owner,CERT-CLOSED,D0.Geometry.ToralLucasPeriodicSeed,vp_toral_lucas_periodic_seed.py
D0-TORAL-CANONICAL-MARKOV-PARTITION-NOGO-001,toral canonical markov partition nogo,NO-GO,D0.Geometry.ToralCanonicalMarkovNoGo,vp_toral_canonical_markov_partition_nogo.py
D0-ALPHA-PROFINITE-SPECTRAL-TOWER-OWNER-001,alpha profinite spectral tower owner,CERT-CLOSED,D0.Spectral.AlphaProfiniteSpectralTower,vp_alpha_profinite_spectral_tower.py
D0-ALPHA-PROFINITE-TOWER-NOGO-001,alpha profinite tower nogo,NO-GO,D0.Spectral.AlphaProfiniteTowerNoGo,vp_alpha_profinite_tower_nogo.py
D0-ALPHA-PRESENT-CORE-MAXIMALITY-NOGO-001,alpha present core maximality nogo,NO-GO,D0.Spectral.AlphaPresentCoreMaximalityNoGo,vp_alpha_present_core_maximality_nogo.py
D0-CMB-CANONICAL-SMOOTHING-MAXIMALITY-NOGO-001,cmb canonical smoothing maximality nogo,NO-GO,D0.Cosmology.CMBCanonicalSmoothingMaximalityNoGo,vp_cmb_canonical_smoothing_maximality_nogo.py
D0-PHASON-MAGNITUDE-MAXIMALITY-NOGO-001,phason magnitude maximality nogo,NO-GO,D0.Cosmology.PhasonMagnitudeMaximalityNoGo,vp_phason_magnitude_maximality_nogo.py
D0-CKM-OVERLAP-UNDERDETERMINATION-NOGO-001,ckm overlap underdetermination nogo,NO-GO,D0.Matter.CKMOverlapUnderdeterminationNoGo,vp_ckm_overlap_underdetermination_nogo.py
D0-HIGGS-CONDENSATION-PRESENT-CORE-MAXIMALITY-NOGO-001,higgs condensation present core maximality nogo,NO-GO,D0.Matter.HiggsCondensationPresentCoreMaximalityNoGo,vp_higgs_condensation_present_core_maximality_nogo.py
D0-TORAL-SEED-MARKOV-MAXIMALITY-NOGO-001,toral seed markov maximality nogo,NO-GO,D0.Geometry.ToralSeedMarkovMaximalityNoGo,vp_toral_seed_markov_maximality_nogo.py
D0-LEPTON-FINITE-GREEN-RESOLVENT-OWNER-001,lepton finite green resolvent owner,CERT-CLOSED,D0.Matter.LeptonFiniteGreenResolventOwner,vp_lepton_finite_green_resolvent_owner.py
D0-FINAL-CORE-COMPLETION-001,final core completion,CORE-FORMALIZED,D0.Verification.PresentCoreMaximality,vp_final_core_maximality.py
D0-BRATTELI-FIBONACCI-REFINEMENT-OWNER-001,bratteli fibonacci refinement owner,CERT-CLOSED,D0.Geometry.FibonacciBratteliRefinement,vp_fibonacci_bratteli_refinement.py
D0-CANONICAL-RENORMALIZATION-SPECTRAL-TOWER-001,canonical renormalization spectral tower,CERT-CLOSED,D0.Geometry.FibonacciBratteliRefinement,vp_fibonacci_bratteli_refinement.py
D0-PERRON-SCALE-FLOW-OWNER-001,perron scale flow owner,CERT-CLOSED,D0.Spectral.CanonicalRefinementScaleFlow,vp_canonical_refinement_scale.py
D0-INDUCTIVE-SPECTRAL-TRIPLE-OWNER-001,inductive spectral triple owner,PROOF-TARGET,,vp_inductive_spectral_triple_tower.py
D0-FINAL-RESEARCH-TO-CLOSURE-MAP-001,final research to closure map,CORE-FORMALIZED,D0.Verification.FinalResearchClosureBoundary,vp_final_research_closure_map.py
D0-EXTERNAL-DIXMIER-WODZICKI-PASSPORT-001,external dixmier wodzicki passport,PASSPORT-CLOSED,D0.Bridge.DixmierTraceBridge,vp_final_external_passports.py
D0-ADLER-WEISS-WILLIAMS-PASSPORT-001,adler weiss williams passport,PASSPORT-CLOSED,D0.Bridge.AdlerWeissBridge,vp_final_external_passports.py
D0-SMOOTH-QUANTUM-METRIC-PASSPORT-001,smooth quantum metric passport,PASSPORT-CLOSED,,vp_inductive_spectral_triple_tower.py
D0-FINITE-SPECTRAL-TRIPLE-REPRESENTATION-PASSPORT-001,finite spectral triple representation passport,PASSPORT-CLOSED,,vp_final_external_passports.py
D0-HYPERCHARGE-FLOW-ORIGIN-PASSPORT-001,hypercharge flow origin passport,PASSPORT-CLOSED,,vp_final_external_passports.py
D0-VNEXT-AF-GNS-ISOMETRY-OWNER-001,vnext af gns isometry owner,CERT-CLOSED,D0.VNext.PerronGNSTower,vp_vnext_perron_gns_tower.py
D0-VNEXT-MARTINGALE-DIRAC-OWNER-001,vnext martingale dirac owner,NO-GO,D0.VNext.AFMartingaleDiracScaleNoGo,vp_vnext_canonical_dirac_scale_selection.py
D0-VNEXT-DIRAC-LAPLACIAN-COMPATIBILITY-OWNER-001,vnext dirac laplacian compatibility owner,NO-GO,D0.VNext.AFD0LaplacianComparisonNoGo,vp_vnext_dirac_laplacian_compatibility.py
D0-VNEXT-FESHBACH-TOWER-COMPATIBILITY-OWNER-001,vnext feshbach tower compatibility owner,PROOF-TARGET,,vp_vnext_af_feshbach_compatibility.py
D0-VNEXT-QUANTUM-METRIC-EXTENSION-PASSPORT-001,vnext quantum metric extension passport,PASSPORT-CLOSED,,vp_vnext_quantum_metric_extension_passport.py
D0-VNEXT-ISOMETRIC-DIRAC-TOWER-OWNER-001,vnext isometric dirac tower owner,PROOF-TARGET,D0.VNext.PerronGNSTower,vp_vnext_perron_gns_tower.py
D0-VNEXT-ISOMETRIC-DIRAC-TOWER-NOGO-001,vnext isometric dirac tower nogo,NO-GO,D0.VNext.AFD0LaplacianComparisonNoGo,vp_vnext_dirac_laplacian_compatibility.py
D0-VNEXT-33-SCENE-ANCHOR-OWNER-001,vnext 33 scene anchor owner,NO-GO,D0.VNext.AFSceneAnchorDimensionAudit,vp_vnext_af_scene_anchor_dimension_audit.py
D0-VNEXT-AF-ONE-DIMENSIONAL-REDUCTION-CLASSIFICATION-001,vnext af one dimensional reduction classification,NO-GO,D0.VNext.AFOneDimensionalReductionClassification,vp_vnext_af_one_dimensional_reduction_classification.py
D0-VNEXT-CANONICAL-XI-ANCHOR-OWNER-001,vnext canonical xi anchor owner,NO-GO,D0.VNext.AFOneDimensionalReductionClassification,vp_vnext_canonical_xi_anchor.py
D0-VNEXT-JOINT-DIRAC-SCALE-SELECTION-OWNER-001,vnext joint dirac scale selection owner,NO-GO,D0.VNext.AFD0SpectralInvariantComparison,vp_vnext_joint_dirac_scale_selection.py
D0-VNEXT-AF-D0-SPECTRAL-COMPRESSION-OWNER-001,vnext af spectral compression owner,NO-GO,D0.VNext.AFD0SpectralInvariantComparison,vp_vnext_af_d0_spectral_invariant_comparison.py
D0-VNEXT-AF-D0-FESHBACH-COMPRESSION-OWNER-001,vnext af feshbach compression owner,PROOF-TARGET,,vp_vnext_canonical_anchor_feshbach_compression.py
D0-VNEXT-33-SCENE-ANCHOR-NOGO-001,vnext 33 scene anchor nogo,NO-GO,D0.VNext.AFD0SpectralInvariantComparison,vp_vnext_af_d0_spectral_invariant_comparison.py
D0-VNEXT-JOINT-DIRAC-ANCHOR-NOGO-001,vnext joint dirac anchor nogo,NO-GO,D0.VNext.AFD0SpectralInvariantComparison,vp_vnext33_no_overclaim.py
D0-VNEXT2-SCENE-FINGERPRINT-OWNER-001,vnext2 scene fingerprint owner,CERT-CLOSED,D0.VNext2.SceneSpectralFingerprint,vp_vnext2_scene_native_input_audit.py
D0-VNEXT2-SCENE-NATIVE-REFINEMENT-OWNER-001,vnext2 scene native refinement owner,NO-GO,D0.VNext2.SceneNativeRefinementClassification,vp_vnext2_scene_native_refinement_category.py
D0-VNEXT2-TRIPARTITE-PATH-TOWER-OWNER-001,vnext2 tripartite path tower owner,NO-GO,D0.VNext2.SceneNativeRefinementClassification,vp_vnext2_tripartite_path_tower_classification.py
D0-VNEXT2-SCENE-NATIVE-REFINEMENT-NOGO-001,vnext2 scene native refinement nogo,NO-GO,D0.VNext2.SceneNativeRefinementClassification,vp_vnext2_tripartite_path_tower_classification.py
D0-VNEXT2-ENDPOINT-CONDITIONAL-EXPECTATION-OWNER-001,vnext2 endpoint conditional expectation owner,PROOF-TARGET,,vp_vnext2_endpoint_conditional_expectation.py
D0-VNEXT2-SCENE-XI-INTERTWINER-OWNER-001,vnext2 scene xi intertwiner owner,NO-GO,D0.VNext2.SceneNativeRefinementClassification,vp_vnext2_tripartite_scene_xi_intertwiner.py
D0-VNEXT2-XI-MAXIMALITY-NOGO-001,vnext2 xi maximality nogo,NO-GO,D0.VNext2.SceneNativeRefinementClassification,vp_vnext2_tripartite_scene_xi_intertwiner.py
D0-VNEXT2-SCENE-SPECTRAL-LIFT-OWNER-001,vnext2 scene spectral lift owner,PROOF-TARGET,,vp_vnext2_scene_spectral_intertwining.py
D0-VNEXT2-SCENE-FESHBACH-LIFT-OWNER-001,vnext2 scene feshbach lift owner,PROOF-TARGET,,vp_vnext2_scene_native_feshbach_lift.py
D0-VNEXT2-SCENE-DIRAC-COVARIANCE-OWNER-001,vnext2 scene dirac covariance owner,PROOF-TARGET,,vp_vnext2_scene_dirac_covariance_selection.py
D0-VNEXT2-DIRAC-COVARIANCE-MAXIMALITY-NOGO-001,vnext2 dirac covariance maximality nogo,NO-GO,D0.VNext2.SceneNativeRefinementClassification,vp_vnext2_scene_native_scale_cocycles.py
D0-VNEXT2-SCENE-NATIVE-MAXIMALITY-OWNER-001,vnext2 scene native maximality owner,NO-GO,D0.VNext2.SceneNativeRefinementClassification,vp_vnext2_scene_native_maximality.py
D0-VNEXT2-SCENE-NATIVE-CLOSURE-BOUNDARY-001,vnext2 scene native closure boundary,NO-GO,D0.VNext2.SceneNativeRefinementClassification,vp_vnext2_no_false_physical_promotion.py
D0-ECHO-DELAY-COMPACTNESS-OWNER-001,echo delay compactness owner,CERT-CLOSED,D0.Gravity.HorizonlessEchoDelay,vp_echo_delay_exact_formula.py
D0-HORIZONLESS-ECHO-PASSPORT-001,horizonless echo passport,PASSPORT-CLOSED,,vp_echo_no_detection_overclaim.py
D0-ECHO-NEGATIVE-CONTROL-PROTOCOL-001,echo negative control protocol,PASSPORT-CLOSED,,vp_echo_passport_negative_controls.py
D0-PHASON-CONTINUUM-ENVELOPE-OWNER-001,phason continuum envelope owner,CERT-CLOSED,D0.Cosmology.PhasonContinuumEnvelope,vp_phason_continuum_envelope.py
D0-SMOOTH-MANIFOLD-FORMALISM-PASSPORT-001,smooth manifold formalism passport,PASSPORT-CLOSED,,vp_smooth_manifold_formalism_passport.py
